matricula,plano_id,frequencia_semanal,tempo_ultimo_checkin,duracao_media,churn
1,1,0.8809523809523809,0,113.33333333333333,0
2,2,0.24444444444444444,17,109.0909090909091,0
3,1,0.4117647058823529,13,120.0,0
4,3,1.2456140350877194,3,125.07042253521126,0
5,2,0.589041095890411,1,124.18604651162791,0
6,1,0.44,8,122.72727272727273,0
7,3,1.0,6,112.63157894736842,0
8,1,1.3137254901960784,98,130.7462686567164,1
9,2,0.6133333333333333,142,121.30434782608695,1
10,1,1.5263157894736843,240,113.79310344827586,1
11,2,2.4545454545454546,4,131.11111111111111,0
12,2,0.88,2,136.36363636363637,0
13,2,1.0512820512820513,9,125.85365853658537,0
14,2,0.75,153,122.0,1
15,3,0.2553191489361702,385,135.0,1
16,1,0.5970149253731343,278,112.5,1
17,3,0.90625,96,115.86206896551724,1
18,3,0.9861111111111112,397,119.15492957746478,1
19,1,6.083333333333333,4,120.0,0
20,3,0.7474747474747475,10,125.67567567567568,0
21,1,0.7936507936507936,9,117.6,0
22,2,0.9655172413793104,127,130.71428571428572,1
23,3,3.25,62,137.30769230769232,1
24,2,0.5671641791044776,365,120.0,1
25,3,0.49295774647887325,161,116.57142857142857,1
26,3,0.40963855421686746,52,132.35294117647058,0
27,3,2.56,2,121.875,0
28,3,1.6428571428571428,2,108.26086956521739,0
29,2,0.15,274,126.66666666666667,1
30,3,2.0588235294117645,1,120.85714285714286,0
31,2,0.8888888888888888,2,115.0,0
32,1,0.18840579710144928,439,129.23076923076923,1
33,2,1.1851851851851851,6,99.375,0
34,3,0.7735849056603774,36,122.92682926829268,1
35,3,2.8181818181818183,28,102.58064516129032,1
36,3,1.0606060606060606,458,108.85714285714286,1
37,2,57.0,0,116.84210526315789,0
38,3,0.47058823529411764,114,120.0,1
39,3,0.7529411764705882,311,130.3125,1
40,2,0.11702127659574468,543,130.9090909090909,1
41,1,1.0,464,117.53424657534246,1
42,1,2.9411764705882355,0,112.8,0
43,3,3.8333333333333335,1,124.34782608695652,0
44,2,4.4,2,118.63636363636364,0
45,2,0.7894736842105263,143,123.2,1
46,2,29.0,0,124.13793103448276,0
47,3,0.2465753424657534,4,126.66666666666667,0
48,3,0.375,309,114.28571428571429,1
49,2,0.38202247191011235,3,97.05882352941177,0
50,2,2.0,2,122.14285714285714,0
51,1,0.38461538461538464,63,132.0,1
52,1,4.333333333333333,0,117.23076923076923,0
53,2,5.5,3,118.9090909090909,0
54,2,0.7301587301587301,1,121.30434782608695,0
55,3,0.3584905660377358,8,145.26315789473685,0
56,2,0.847457627118644,26,115.2,1
57,1,0.08536585365853659,490,128.57142857142858,1
58,1,2.4814814814814814,7,128.0597014925373,0
59,3,1.8888888888888888,5,117.3529411764706,0
60,3,0.1935483870967742,164,125.0,1
61,3,0.5116279069767442,26,133.63636363636363,0
62,3,1.1290322580645162,165,116.57142857142857,1
63,1,0.3142857142857143,231,147.27272727272728,1
64,3,0.5882352941176471,103,108.0,1
65,3,0.375,6,124.0,0
66,2,0.7281553398058253,631,118.4,1
67,3,0.2898550724637681,341,114.0,1
68,3,0.45714285714285713,484,120.0,1
69,1,2.6818181818181817,2,121.01694915254237,0
70,2,0.9342105263157895,11,114.08450704225352,0
71,3,0.22784810126582278,5,126.66666666666667,0
72,1,1.441860465116279,7,119.03225806451613,0
73,3,1.0350877192982457,10,123.05084745762711,0
74,1,9.166666666666666,0,125.45454545454545,0
75,1,0.29896907216494845,18,105.51724137931035,0
76,3,0.7303370786516854,174,127.38461538461539,1
77,3,0.3235294117647059,4,132.72727272727272,0
78,3,0.7391304347826086,150,102.3529411764706,1
79,2,3.4285714285714284,40,117.5,1
80,1,0.6,13,109.41176470588235,0
81,2,0.32,308,145.0,1
82,2,0.9841269841269841,415,129.67741935483872,1
83,1,0.8571428571428571,0,127.5,0
84,2,0.7634408602150538,600,115.77464788732394,1
85,1,1.1282051282051282,1,135.0,0
86,3,0.23529411764705882,472,126.0,1
87,2,4.428571428571429,0,110.3225806451613,0
88,2,0.5333333333333333,13,105.0,0
89,2,0.30666666666666664,46,112.17391304347827,0
90,3,5.076923076923077,3,121.81818181818181,0
91,1,0.45454545454545453,51,129.0,0
92,2,14.0,6,124.28571428571429,1
93,2,0.21739130434782608,35,114.0,0
94,2,1.1147540983606556,2,132.35294117647058,0
95,2,1.4285714285714286,22,114.0,1
96,2,0.5087719298245614,47,107.58620689655173,1
97,1,0.4666666666666667,462,109.71428571428571,1
98,1,0.4375,4,125.71428571428571,0
99,2,2.652173913043478,1,120.98360655737704,0
100,3,0.20833333333333334,113,108.0,1
101,3,0.813953488372093,5,104.57142857142857,0
102,3,0.45,9,105.0,0
103,1,0.9833333333333333,18,124.0677966101695,0
104,1,3.4705882352941178,107,113.89830508474576,1
105,3,0.5308641975308642,11,128.37209302325581,0
106,3,1.45,0,121.03448275862068,0
107,1,0.10112359550561797,289,106.66666666666667,1
108,3,0.6739130434782609,191,110.3225806451613,1
109,1,1.3157894736842106,114,129.6,1
110,2,2.0,34,138.0,1
111,3,0.27,559,128.88888888888889,1
112,2,0.4507042253521127,1,114.375,0
113,2,0.74,28,111.89189189189189,0
114,3,1.297872340425532,1,114.09836065573771,0
115,2,1.0535714285714286,7,118.98305084745763,0
116,1,2.2666666666666666,2,111.17647058823529,0
117,2,4.090909090909091,1,113.33333333333333,0
118,3,0.16129032258064516,230,116.0,1
119,3,0.62,3,120.0,0
120,3,0.14,114,120.0,1
121,1,0.9122807017543859,19,129.23076923076923,0
122,1,1.4193548387096775,2,115.9090909090909,0
123,3,1.3333333333333333,10,105.0,0
124,2,0.25,9,110.0,0
125,2,5.666666666666667,0,130.58823529411765,0
126,3,1.75,109,126.85714285714286,1
127,2,0.1,392,137.14285714285714,1
128,1,3.4,30,128.8235294117647,1
129,1,1.5348837209302326,3,123.63636363636364,0
130,1,0.6716417910447762,237,128.0,1
131,3,0.5714285714285714,152,126.0,1
132,3,0.26732673267326734,554,128.88888888888889,1
133,1,0.25925925925925924,43,122.85714285714286,0
134,3,0.07317073170731707,138,130.0,0
135,1,8.833333333333334,39,121.13207547169812,1
136,3,0.4714285714285714,3,132.72727272727272,0
137,1,0.7647058823529411,1,133.84615384615384,0
138,2,0.08928571428571429,149,108.0,0
139,1,1.0,5,108.57142857142857,0
140,1,11.833333333333334,42,128.45070422535213,1
141,2,0.8035714285714286,9,116.0,0
142,1,1.2142857142857142,1,123.52941176470588,0
143,1,5.833333333333333,1,126.0,0
144,2,0.15625,63,168.0,1
145,3,0.5268817204301075,16,121.22448979591837,0
146,1,1.488888888888889,1,105.67164179104478,0
147,1,0.717391304347826,42,120.0,1
148,1,1.6,38,100.0,1
149,2,0.7333333333333333,3,116.36363636363636,0
150,1,4.833333333333333,3,124.13793103448276,0
151,2,1.3953488372093024,292,124.0,1
152,2,0.4861111111111111,355,116.57142857142857,1
153,3,13.333333333333334,3,124.5,1
154,3,3.375,29,111.11111111111111,1
155,1,0.09375,432,100.0,1
156,3,0.25,147,90.0,1
157,1,0.26744186046511625,393,112.17391304347827,1
158,3,1.95,34,104.61538461538461,1
159,3,5.1,0,114.11764705882354,0
160,3,0.7555555555555555,4,119.11764705882354,0
161,1,0.1782178217821782,500,96.66666666666667,1
162,3,3.4210526315789473,2,125.53846153846153,0
163,2,0.21568627450980393,3,109.0909090909091,0
164,2,0.38095238095238093,46,97.5,1
165,1,0.17647058823529413,71,110.0,1
166,2,0.5932203389830508,49,118.28571428571429,1
167,2,1.394736842105263,202,122.26415094339623,1
168,1,0.2361111111111111,68,105.88235294117646,0
169,3,4.625,11,126.48648648648648,1
170,3,0.33962264150943394,19,116.66666666666667,0
171,3,0.6,59,112.0,1
172,3,1.0833333333333333,0,110.76923076923077,0
173,2,0.9375,3,130.0,0
174,3,0.3695652173913043,323,112.94117647058823,1
175,2,0.8387096774193549,210,128.07692307692307,1
176,1,0.20481927710843373,220,116.47058823529412,1
177,1,1.75,1,122.44897959183673,0
178,3,0.4639175257731959,546,118.66666666666667,1
179,1,0.8775510204081632,42,104.65116279069767,1
180,1,3.4615384615384617,2,113.33333333333333,0
181,1,0.40625,5,127.6923076923077,0
182,3,0.21686746987951808,159,126.66666666666667,0
183,2,8.0,1,110.83333333333333,0
184,3,0.05263157894736842,530,96.0,1
185,2,1.1587301587301588,2,110.95890410958904,0
186,3,3.5625,3,120.0,0
187,2,2.4285714285714284,2,110.58823529411765,0
188,3,1.1777777777777778,112,116.60377358490567,1
189,3,0.15625,80,132.0,0
190,2,2.357142857142857,1,114.54545454545455,0
191,3,1.03125,41,124.54545454545455,1
192,3,2.1,46,112.85714285714286,1
193,2,1.05,3,117.14285714285714,0
194,2,0.7272727272727273,218,125.0,1
195,1,0.3870967741935484,63,107.5,1
196,2,0.7142857142857143,4,120.0,0
197,2,0.09375,110,150.0,0
198,2,1.3863636363636365,3,130.81967213114754,0
199,2,0.625,141,105.6,1
200,1,1.0612244897959184,11,117.6923076923077,0
201,1,0.6372549019607843,278,118.15384615384616,1
202,1,0.5280898876404494,0,118.72340425531915,0
203,2,1.8,58,108.88888888888889,1
204,3,0.27450980392156865,186,132.85714285714286,1
205,1,4.5,2,118.33333333333333,0
206,2,0.23684210526315788,64,120.0,0
207,2,1.08,332,124.44444444444444,1
208,2,2.0,13,120.0,1
209,2,0.6363636363636364,2,121.42857142857143,0
210,1,1.0769230769230769,138,115.71428571428571,1
211,2,0.6229508196721312,36,118.42105263157895,0
212,2,8.4,26,130.0,1
213,1,1.8461538461538463,149,120.0,1
214,3,0.7558139534883721,3,126.46153846153847,0
215,3,0.47619047619047616,20,117.0,0
216,3,0.8837209302325582,7,115.26315789473684,1
217,2,0.4523809523809524,21,127.89473684210526,0
218,2,0.08450704225352113,198,110.0,1
219,1,0.3225806451612903,575,118.0,1
220,2,2.3043478260869565,4,123.39622641509433,1
221,2,0.43243243243243246,396,120.0,1
222,2,1.4242424242424243,3,112.34042553191489,0
223,3,0.6181818181818182,8,125.29411764705883,0
224,1,1.5862068965517242,0,122.6086956521739,0
225,1,0.4186046511627907,7,110.0,0
226,1,2.088235294117647,4,121.69014084507042,0
227,1,0.9069767441860465,6,126.15384615384616,0
228,2,0.3411764705882353,10,122.06896551724138,0
229,1,1.302325581395349,299,117.85714285714286,1
230,2,1.75,58,128.57142857142858,1
231,3,7.0,4,123.6734693877551,0
232,2,3.25,0,122.76923076923077,0
233,1,0.16666666666666666,214,120.0,1
234,3,0.48,453,111.25,1
235,3,1.125,7,131.11111111111111,0
236,3,1.1388888888888888,1,122.92682926829268,0
237,3,5.333333333333333,65,126.25,1
238,3,0.4166666666666667,7,94.0,0
239,1,0.9811320754716981,285,122.3076923076923,1
240,2,17.0,15,107.6470588235294,1
241,3,8.0,10,123.21428571428571,1
242,2,3.9375,73,120.95238095238095,1
243,2,2.1875,19,121.71428571428571,1
244,2,0.7,42,128.57142857142858,0
245,1,0.7849462365591398,574,124.10958904109589,1
246,3,0.07954545454545454,341,128.57142857142858,1
247,2,0.21333333333333335,125,123.75,1
248,1,0.3225806451612903,24,112.0,0
249,2,3.3529411764705883,5,124.21052631578948,0
250,3,1.0555555555555556,219,129.47368421052633,1
251,1,0.30666666666666664,44,127.82608695652173,1
252,1,0.9074074074074074,368,121.22448979591837,1
253,2,0.7582417582417582,292,117.3913043478261,1
254,2,0.18627450980392157,316,135.78947368421052,1
255,1,0.8235294117647058,2,121.71428571428571,0
256,1,34.0,6,120.0,1
257,3,1.1555555555555554,3,122.3076923076923,0
258,2,1.1875,61,123.15789473684211,1
259,1,0.12727272727272726,6,137.14285714285714,0
260,1,0.5942028985507246,379,128.78048780487805,1
261,1,42.0,1,112.85714285714286,1
262,3,0.5,140,98.70967741935483,1
263,3,2.5357142857142856,150,111.54929577464789,1
264,3,0.38571428571428573,347,108.88888888888889,1
265,3,0.13333333333333333,337,120.0,1
266,2,1.1379310344827587,38,120.0,1
267,1,1.4893617021276595,1,120.0,0
268,1,1.5909090909090908,4,121.71428571428571,0
269,1,0.6875,149,123.63636363636364,1
270,3,0.4489795918367347,24,106.36363636363636,1
271,1,3.4285714285714284,26,127.5,1
272,2,0.8289473684210527,12,124.76190476190476,0
273,1,1.0392156862745099,11,130.18867924528303,0
274,1,0.6172839506172839,1,121.2,0
275,2,0.8214285714285714,1,122.6086956521739,0
276,2,0.5405405405405406,0,118.5,0
277,3,0.8333333333333334,319,129.33333333333334,1
278,2,0.8909090909090909,269,131.0204081632653,1
279,1,1.3571428571428572,7,113.6842105263158,0
280,2,2.08,3,111.92307692307692,0
281,2,0.3411764705882353,72,117.93103448275862,1
282,3,0.7395833333333334,0,129.29577464788733,0
283,1,1.9259259259259258,113,116.53846153846153,1
284,1,1.0178571428571428,10,116.84210526315789,0
285,2,0.6923076923076923,5,103.33333333333333,0
286,2,2.225806451612903,90,110.43478260869566,1
287,2,0.9705882352941176,169,130.9090909090909,1
288,3,0.30337078651685395,10,115.55555555555556,0
289,3,0.9642857142857143,8,122.22222222222223,0
290,3,0.7297297297297297,1,128.88888888888889,0
291,3,1.875,1,96.0,0
292,1,1.3636363636363635,6,118.66666666666667,0
293,1,0.6086956521739131,10,117.85714285714286,0
294,2,0.06862745098039216,630,120.0,1
295,3,2.0,217,120.0,1
296,1,1.565217391304348,0,106.66666666666667,0
297,3,0.15151515151515152,135,96.0,1
298,2,0.21428571428571427,28,132.0,0
299,1,0.21052631578947367,134,100.0,1
300,3,20.0,0,120.0,0
301,1,1.5909090909090908,9,130.28571428571428,0
302,1,0.5769230769230769,433,116.0,1
303,1,0.3010752688172043,11,105.0,0
304,2,0.704225352112676,248,120.0,1
305,1,16.25,11,122.76923076923077,1
306,2,1.25,64,111.0,1
307,3,1.2340425531914894,98,123.10344827586206,1
308,1,3.0,2,100.0,0
309,3,0.14285714285714285,235,115.0,1
310,2,0.6440677966101694,6,113.6842105263158,0
311,1,0.11688311688311688,65,113.33333333333333,0
312,2,0.5909090909090909,8,122.3076923076923,0
313,2,1.8695652173913044,111,113.02325581395348,1
314,1,0.6231884057971014,293,111.62790697674419,1
315,2,0.609375,6,113.84615384615384,0
316,2,1.0333333333333334,133,128.70967741935485,1
317,2,0.7263157894736842,28,125.21739130434783,0
318,2,2.0555555555555554,233,117.56756756756756,1
319,2,0.5,197,125.0,1
320,2,2.111111111111111,8,104.21052631578948,0
321,1,1.511111111111111,254,118.23529411764706,1
322,2,1.2142857142857142,4,107.6470588235294,0
323,3,2.6785714285714284,0,122.4,0
324,3,0.8441558441558441,500,138.46153846153845,1
325,1,0.7319587628865979,76,115.77464788732394,0
326,2,0.7391304347826086,113,120.0,1
327,2,0.6538461538461539,23,112.94117647058823,0
328,2,0.6190476190476191,15,110.76923076923077,0
329,2,0.3684210526315789,45,137.14285714285714,1
330,1,0.5454545454545454,0,121.25,0
331,1,0.8072289156626506,220,111.04477611940298,1
332,1,0.5084745762711864,346,108.0,1
333,1,0.55,11,109.0909090909091,0
334,1,2.4545454545454546,2,131.11111111111111,0
335,3,8.0,5,108.21428571428571,1
336,3,0.2,567,123.52941176470588,1
337,2,0.15853658536585366,392,115.38461538461539,1
338,2,0.22641509433962265,1,125.0,0
339,1,0.5384615384615384,2,121.22448979591837,0
340,2,0.43636363636363634,359,110.0,1
341,3,2.3636363636363638,121,131.53846153846155,1
342,2,0.9206349206349206,68,106.55172413793103,1
343,3,1.0833333333333333,396,120.0,1
344,2,0.8615384615384616,294,111.42857142857143,1
345,2,0.7777777777777778,215,115.71428571428571,1
346,2,0.9722222222222222,6,127.71428571428571,0
347,1,0.47435897435897434,446,120.0,1
348,2,0.5465116279069767,42,108.51063829787235,0
349,3,2.8181818181818183,98,121.93548387096774,1
350,2,0.7323943661971831,222,116.53846153846153,1
351,3,1.6,17,115.0,0
352,1,0.68,19,114.11764705882354,0
353,3,0.6666666666666666,229,120.0,1
354,2,2.0,1,118.88888888888889,0
355,2,0.3069306930693069,15,116.12903225806451,0
356,1,0.48,333,108.33333333333333,1
357,1,0.4225352112676056,17,120.0,0
358,2,0.7888888888888889,277,122.53521126760563,1
359,3,0.23684210526315788,135,113.33333333333333,1
360,1,0.6666666666666666,173,114.375,1
361,3,0.3125,92,96.0,1
362,3,0.20512820512820512,368,131.25,1
363,1,0.25,110,98.82352941176471,0
364,3,0.9545454545454546,11,104.28571428571429,1
365,3,0.29213483146067415,105,145.3846153846154,0
366,1,1.0,6,123.75,0
367,1,0.40384615384615385,97,117.14285714285714,1
368,1,0.6483516483516484,259,118.98305084745763,1
369,2,0.3584905660377358,41,129.47368421052633,1
370,2,5.4,0,120.0,0
371,3,0.40816326530612246,672,120.0,1
372,3,1.7142857142857142,7,121.66666666666667,0
373,1,0.8,19,124.6875,0
374,2,0.5147058823529411,6,114.85714285714286,0
375,3,3.090909090909091,2,117.3529411764706,0
376,2,1.4,70,124.28571428571429,1
377,2,0.13114754098360656,19,97.5,0
378,2,6.2727272727272725,4,109.56521739130434,0
379,2,1.7857142857142858,42,126.4,1
380,2,0.651685393258427,273,129.31034482758622,1
381,2,1.3125,274,127.61904761904762,1
382,1,6.555555555555555,24,112.88135593220339,1
383,1,0.42424242424242425,17,132.85714285714286,0
384,3,0.4107142857142857,239,120.0,1
385,2,5.25,10,122.85714285714286,1
386,3,12.0,31,106.66666666666667,1
387,1,1.1081081081081081,4,117.07317073170732,0
388,3,1.8484848484848484,154,118.0327868852459,1
389,1,0.573170731707317,527,130.2127659574468,1
390,3,7.4,4,132.97297297297297,0
391,2,1.037037037037037,3,132.85714285714286,0
392,1,4.733333333333333,0,127.6056338028169,0
393,2,0.3333333333333333,3,120.0,0
394,2,0.5098039215686274,18,131.53846153846155,0
395,2,1.5333333333333334,120,110.8695652173913,1
396,2,0.5714285714285714,0,114.375,0
397,1,0.7128712871287128,127,122.5,1
398,3,1.0625,207,120.0,1
399,2,0.675,201,117.77777777777777,1
400,3,6.454545454545454,34,120.0,1
401,2,0.4827586206896552,4,115.71428571428571,0
402,1,2.3181818181818183,83,122.3529411764706,1
403,2,0.8648648648648649,7,123.75,0
404,1,0.25,132,112.0,1
405,1,0.37142857142857144,185,124.61538461538461,1
406,3,68.0,6,112.94117647058823,1
407,2,1.048780487804878,92,121.3953488372093,1
408,3,0.4803921568627451,37,107.75510204081633,0
409,1,0.32608695652173914,131,112.0,1
410,1,0.9615384615384616,20,122.4,0
411,2,0.8125,330,108.46153846153847,1
412,2,0.5333333333333333,13,105.0,0
413,1,1.2962962962962963,1,108.85714285714286,0
414,2,0.2608695652173913,68,110.0,0
415,1,0.2619047619047619,101,125.45454545454545,0
416,2,2.375,93,138.94736842105263,1
417,3,0.5,113,129.23076923076923,1
418,3,0.7916666666666666,8,115.78947368421052,0
419,3,0.5846153846153846,2,129.47368421052633,0
420,3,0.5555555555555556,87,126.0,1
421,1,2.8947368421052633,136,130.9090909090909,1
422,2,0.6428571428571429,369,122.22222222222223,1
423,2,2.6,1,101.53846153846153,0
424,2,0.25510204081632654,629,105.6,1
425,2,0.41237113402061853,77,127.5,1
426,1,8.0,52,129.375,1
427,3,0.2,4,123.15789473684211,0
428,3,0.375,7,125.71428571428571,0
429,2,3.0833333333333335,0,120.0,0
430,3,0.09876543209876543,91,97.5,0
431,3,0.4745762711864407,10,109.28571428571429,0
432,1,1.25,8,112.61538461538461,0
433,1,0.5581395348837209,1,121.25,0
434,1,0.3625,10,130.3448275862069,0
435,2,3.65,2,122.46575342465754,0
436,3,2.909090909090909,10,150.0,0
437,1,0.5106382978723404,147,125.0,1
438,3,1.325,94,107.54716981132076,1
439,1,4.818181818181818,75,120.0,1
440,1,0.07608695652173914,543,102.85714285714286,1
441,1,0.7464788732394366,5,120.0,0
442,2,0.9824561403508771,46,125.35714285714286,1
443,3,15.0,0,119.2,0
444,3,0.7083333333333334,2,114.11764705882354,0
445,1,0.056818181818181816,383,108.0,1
446,3,0.19047619047619047,22,105.0,0
447,2,0.4444444444444444,141,111.42857142857143,1
448,3,1.2941176470588236,8,122.72727272727273,0
449,3,0.5813953488372093,305,122.4,1
450,1,1.121212121212121,399,116.75675675675676,1
451,1,0.5510204081632653,28,111.11111111111111,0
452,2,0.59375,291,123.15789473684211,1
453,3,0.6666666666666666,50,110.0,1
454,3,1.3243243243243243,159,118.77551020408163,1
455,3,0.2413793103448276,0,137.14285714285714,0
456,3,0.39622641509433965,10,114.28571428571429,0
457,2,0.8421052631578947,22,106.875,0
458,2,0.203125,357,115.38461538461539,1
459,2,0.9866666666666667,12,110.27027027027027,0
460,2,0.2361111111111111,423,141.1764705882353,1
461,2,0.25,411,134.11764705882354,1
462,3,0.9552238805970149,56,118.125,1
463,1,0.30434782608695654,61,128.57142857142858,0
464,2,0.4626865671641791,6,102.58064516129032,0
465,3,0.13186813186813187,487,130.0,1
466,3,3.8421052631578947,2,115.06849315068493,0
467,3,30.5,14,124.91803278688525,1
468,1,0.3723404255319149,158,113.14285714285714,1
469,3,0.7611940298507462,314,129.41176470588235,1
470,1,0.2692307692307692,165,145.71428571428572,1
471,2,1.75,159,109.71428571428571,1
472,3,0.9285714285714286,9,123.46153846153847,0
473,3,0.058823529411764705,342,96.0,1
474,1,0.5102040816326531,434,109.2,1
475,2,1.8846153846153846,2,123.6734693877551,0
476,3,3.7777777777777777,1,105.88235294117646,0
477,3,0.3707865168539326,35,123.63636363636364,0
478,3,1.0588235294117647,101,140.0,1
479,1,18.666666666666668,17,115.71428571428571,1
480,2,1.3421052631578947,178,117.6470588235294,1
481,1,1.625,0,120.0,0
482,3,1.2115384615384615,361,123.80952380952381,1
483,1,4.166666666666667,2,115.2,0
484,3,4.0,0,117.27272727272727,0
485,2,1.2195121951219512,64,122.4,1
486,1,0.34375,38,130.9090909090909,1
487,3,0.66,217,120.0,1
488,3,2.090909090909091,6,113.47826086956522,0
489,1,3.9285714285714284,0,111.27272727272727,0
490,1,0.2916666666666667,48,137.14285714285714,0
491,2,0.8214285714285714,106,113.91304347826087,1
492,3,1.3333333333333333,77,106.875,1
493,2,6.5,0,114.23076923076923,0
494,1,38.0,6,127.89473684210526,1
495,1,23.0,3,101.73913043478261,1
496,3,5.357142857142857,7,115.2,1
497,3,0.8117647058823529,549,120.0,1
498,1,1.64,24,122.92682926829268,1
499,1,1.9736842105263157,5,119.2,0
500,2,2.24,9,121.07142857142857,0
501,2,1.469387755102041,44,115.0,1
502,1,0.9393939393939394,1,116.12903225806451,0
503,3,0.7263157894736842,368,129.56521739130434,1
504,1,1.6896551724137931,112,131.0204081632653,1
505,3,0.7625,5,133.7704918032787,0
506,3,1.1176470588235294,33,113.6842105263158,1
507,2,0.5370370370370371,3,115.86206896551724,0
508,1,12.25,5,121.22448979591837,1
509,2,0.9285714285714286,210,110.76923076923077,1
510,2,0.4166666666666667,142,116.57142857142857,1
511,1,0.98,232,121.22448979591837,1
512,2,0.6164383561643836,19,117.33333333333333,0
513,2,0.45263157894736844,627,115.81395348837209,1
514,2,1.1607142857142858,6,119.07692307692308,0
515,2,0.08602150537634409,282,127.5,1
516,1,1.346938775510204,185,137.27272727272728,1
517,3,0.4782608695652174,176,120.0,1
518,2,0.7473684210526316,7,125.07042253521126,0
519,3,0.24096385542168675,3,111.0,0
520,3,0.13513513513513514,5,138.0,0
521,2,0.15151515151515152,29,102.0,0
522,1,0.18055555555555555,75,115.38461538461539,0
523,1,1.320754716981132,0,117.42857142857143,0
524,1,1.48,2,111.89189189189189,0
525,3,0.855072463768116,399,126.10169491525424,1
526,3,0.9036144578313253,16,112.0,1
527,3,0.07526881720430108,400,154.28571428571428,1
528,2,0.3979591836734694,2,120.0,0
529,1,0.3333333333333333,39,104.0,1
530,3,0.9864864864864865,401,104.38356164383562,1
531,3,5.0,1,114.0,0
532,3,0.38095238095238093,43,127.5,0
533,2,0.20430107526881722,438,97.89473684210526,1
534,1,0.26744186046511625,214,114.78260869565217,1
535,1,1.325,4,123.39622641509433,0
536,3,1.553191489361702,164,123.28767123287672,1
537,3,20.0,0,110.0,0
538,3,1.152542372881356,2,125.29411764705883,0
539,3,0.4642857142857143,38,115.38461538461539,1
540,1,0.5692307692307692,0,116.75675675675676,0
541,1,2.6666666666666665,7,108.33333333333333,1
542,1,0.9642857142857143,10,120.0,0
543,1,1.6666666666666667,37,114.0,1
544,3,0.08602150537634409,4,97.5,0
545,2,0.31313131313131315,349,118.06451612903226,1
546,2,49.0,1,118.77551020408163,1
547,3,0.5217391304347826,30,117.5,0
548,3,0.19318181818181818,118,123.52941176470588,1
549,2,1.1,8,120.0,0
550,3,0.21428571428571427,345,112.0,1
551,2,68.0,0,120.88235294117646,0
552,1,0.45161290322580644,35,111.42857142857143,0
553,2,2.9047619047619047,11,119.01639344262296,1
554,3,0.4868421052631579,1,120.0,0
555,3,1.4375,96,96.52173913043478,1
556,2,2.375,6,116.84210526315789,0
557,3,0.1276595744680851,75,80.0,0
558,3,0.14,476,137.14285714285714,1
559,2,0.6714285714285714,3,109.7872340425532,0
560,2,0.12195121951219512,76,114.0,0
561,2,1.2352941176470589,244,110.0,1
562,1,0.6666666666666666,15,115.71428571428571,0
563,1,1.2,99,126.25,1
564,3,0.234375,16,124.0,0
565,2,0.8227848101265823,10,112.61538461538461,0
566,2,0.42857142857142855,15,106.66666666666667,0
567,1,0.2916666666666667,1,94.28571428571429,0
568,2,0.3614457831325301,89,108.0,0
569,2,0.765625,4,122.44897959183673,0
570,3,0.9852941176470589,343,108.35820895522389,1
571,2,0.9166666666666666,6,120.0,0
572,1,7.3,69,110.95890410958904,1
573,1,2.25,34,111.11111111111111,1
574,3,0.7755102040816326,273,124.73684210526316,1
575,2,0.2653061224489796,424,138.46153846153845,1
576,3,0.7741935483870968,287,114.16666666666667,1
577,1,1.6571428571428573,2,104.48275862068965,0
578,1,1.4838709677419355,213,112.17391304347827,1
579,3,2.6666666666666665,9,105.0,0
580,3,1.4130434782608696,2,115.38461538461539,0
581,1,1.825,3,122.46575342465754,0
582,2,0.22388059701492538,76,124.0,0
583,1,17.333333333333332,1,120.0,0
584,2,0.648936170212766,11,129.8360655737705,0
585,1,0.23655913978494625,203,117.27272727272727,1
586,2,0.8888888888888888,5,125.35714285714286,0
587,1,0.15217391304347827,198,128.57142857142858,1
588,1,0.1095890410958904,183,127.5,1
589,3,0.6041666666666666,187,128.27586206896552,1
590,1,0.8059701492537313,2,121.11111111111111,0
591,2,0.7027027027027027,0,138.46153846153845,0
592,2,0.6956521739130435,154,120.0,1
593,1,0.5526315789473685,2,105.71428571428571,0
594,2,53.0,0,116.60377358490567,0
595,3,0.703125,316,118.66666666666667,1
596,2,2.409090909090909,0,129.0566037735849,0
597,1,1.9736842105263157,5,117.6,0
598,2,0.8,344,124.41176470588235,1
599,1,1.309090909090909,330,114.16666666666667,1
600,3,2.066666666666667,6,120.96774193548387,0
601,3,0.7450980392156863,1,118.42105263157895,0
602,1,0.21052631578947367,216,135.0,1
603,1,0.1111111111111111,169,150.0,1
604,3,0.5833333333333334,41,128.57142857142858,1
605,3,0.6666666666666666,35,122.6086956521739,0
606,2,0.18181818181818182,3,112.5,0
607,3,1.123076923076923,1,120.82191780821918,0
608,2,0.05434782608695652,168,96.0,0
609,2,2.8421052631578947,98,111.11111111111111,1
610,3,0.48936170212765956,15,117.3913043478261,0
611,1,0.2037037037037037,320,130.9090909090909,1
612,3,0.6571428571428571,3,126.52173913043478,0
613,3,0.7555555555555555,65,106.76470588235294,1
614,1,1.3103448275862069,77,135.78947368421052,1
615,2,0.5128205128205128,36,129.0,0
616,2,12.0,17,118.33333333333333,1
617,1,1.1176470588235294,0,112.10526315789474,0
618,3,0.07246376811594203,449,96.0,1
619,2,0.35064935064935066,1,120.0,0
620,1,1.4523809523809523,2,113.11475409836065,0
621,2,0.803921568627451,219,118.53658536585365,1
622,2,0.890625,159,132.6315789473684,1
623,3,0.28378378378378377,30,128.57142857142858,0
624,2,0.208955223880597,32,128.57142857142858,0
625,2,2.388888888888889,38,133.95348837209303,1
626,2,0.5360824742268041,438,123.46153846153847,1
627,3,0.5797101449275363,385,112.5,1
628,2,0.42045454545454547,14,111.89189189189189,0
629,3,1.5833333333333333,76,123.15789473684211,1
630,3,0.08108108108108109,469,140.0,1
631,3,0.74,299,113.51351351351352,1
632,2,1.525,1,132.78688524590163,0
633,2,1.0,88,120.0,1
634,1,5.0,55,125.6,1
635,2,0.6056338028169014,391,126.97674418604652,1
636,3,0.3090909090909091,131,130.58823529411765,1
637,3,0.8181818181818182,68,100.0,1
638,2,0.9583333333333334,1,127.82608695652173,0
639,2,8.75,24,119.14285714285714,1
640,3,0.6559139784946236,18,123.93442622950819,0
641,3,0.48936170212765956,222,125.21739130434783,1
642,3,2.8333333333333335,1,125.29411764705883,0
643,1,25.0,15,122.4,1
644,1,0.65625,0,131.42857142857142,0
645,3,1.1176470588235294,99,116.84210526315789,1
646,2,1.75,3,114.85714285714286,0
647,1,0.5972222222222222,215,114.4186046511628,1
648,2,0.5,32,120.0,1
649,3,0.7951807228915663,8,116.36363636363636,0
650,2,1.5208333333333333,282,113.42465753424658,1
651,3,0.4375,98,111.42857142857143,1
652,1,0.16831683168316833,33,105.88235294117646,0
653,1,1.8888888888888888,3,95.29411764705883,1
654,2,0.5714285714285714,2,105.0,0
655,2,0.5384615384615384,238,113.57142857142857,1
656,3,4.375,91,121.71428571428571,1
657,2,5.0,0,128.0,0
658,1,0.8913043478260869,10,131.70731707317074,0
659,1,0.5517241379310345,104,93.75,1
660,3,0.6483516483516484,273,122.03389830508475,1
661,2,4.153846153846154,1,115.55555555555556,0
662,3,0.6721311475409836,332,117.07317073170732,1
663,1,0.6086956521739131,26,109.28571428571429,0
664,3,2.5294117647058822,0,117.20930232558139,0
665,1,3.3125,3,115.47169811320755,0
666,2,0.5882352941176471,9,127.5,0
667,3,0.5945945945945946,144,111.81818181818181,1
668,3,0.5742574257425742,33,110.6896551724138,0
669,1,1.0,7,120.0,0
670,2,1.3928571428571428,49,113.84615384615384,1
671,2,0.7254901960784313,257,124.86486486486487,1
672,1,13.6,1,120.0,0
673,3,1.4,6,115.71428571428571,0
674,2,0.2840909090909091,229,112.8,1
675,3,1.064516129032258,0,107.27272727272727,0
676,2,0.3,29,95.55555555555556,0
677,3,0.24444444444444444,79,114.54545454545455,0
678,1,1.0151515151515151,5,120.0,0
679,3,0.8235294117647058,10,121.42857142857143,0
680,3,0.3333333333333333,12,114.28571428571429,1
681,2,0.8571428571428571,6,114.0,0
682,3,0.5070422535211268,402,130.0,1
683,3,1.0303030303030303,336,112.94117647058823,1
684,3,0.21,31,120.0,0
685,3,0.1044776119402985,91,137.14285714285714,0
686,3,0.7857142857142857,19,120.0,0
687,3,0.7884615384615384,342,122.92682926829268,1
688,1,1.3095238095238095,4,118.9090909090909,0
689,1,0.42857142857142855,78,150.0,1
690,1,1.0526315789473684,68,119.0,1
691,3,0.7297297297297297,27,124.44444444444444,0
692,3,1.0,141,121.93548387096774,1
694,3,0.7551020408163265,53,118.37837837837837,1
695,2,1.5526315789473684,1,110.84745762711864,0
696,1,0.6282051282051282,2,129.79591836734693,0
697,2,2.789473684210526,94,110.94339622641509,1
698,1,0.32978723404255317,388,123.87096774193549,1
699,1,1.4680851063829787,282,118.26086956521739,1
700,2,0.8108108108108109,70,118.0,1
701,1,0.20408163265306123,49,126.0,1
702,3,0.3010752688172043,14,120.0,0
703,1,19.666666666666668,6,123.05084745762711,1
704,2,1.3461538461538463,209,130.28571428571428,1
705,1,0.7021276595744681,1,121.81818181818181,0
706,2,0.7282608695652174,183,111.94029850746269,1
707,2,4.636363636363637,1,132.94117647058823,0
708,2,1.5,70,126.15384615384616,1
709,1,0.48484848484848486,393,123.75,1
710,2,3.75,51,122.0,1
711,2,1.4848484848484849,0,113.87755102040816,0
712,2,0.7246376811594203,449,122.4,1
713,1,0.10588235294117647,255,100.0,1
714,1,0.46153846153846156,16,120.0,1
715,3,0.8095238095238095,182,121.76470588235294,1
716,3,1.3333333333333333,6,114.375,0
717,2,0.6,0,122.85714285714286,0
718,3,0.25862068965517243,295,120.0,1
719,2,5.076923076923077,0,117.27272727272727,0
720,1,2.142857142857143,6,104.0,0
721,3,2.5714285714285716,60,128.33333333333334,1
722,2,0.325,139,120.0,1
723,2,0.75,15,91.42857142857143,0
724,1,1.744186046511628,89,121.6,1
725,2,0.32989690721649484,9,116.25,1
726,1,3.588235294117647,121,120.0,1
727,1,1.7272727272727273,1,116.84210526315789,0
728,1,1.7058823529411764,173,118.96551724137932,1
729,3,0.5578947368421052,88,125.66037735849056,1
730,3,0.38,11,126.3157894736842,0
731,3,1.1538461538461537,217,121.33333333333333,1
732,2,1.5,12,100.0,1
733,2,0.36619718309859156,143,113.07692307692308,1
734,3,0.5050505050505051,58,124.8,1
735,1,0.1836734693877551,320,133.33333333333334,1
736,3,0.8085106382978723,1,129.47368421052633,0
737,3,0.1875,169,140.0,1
738,3,0.5576923076923077,0,109.65517241379311,0
739,2,21.0,7,122.85714285714286,1
740,3,0.4731182795698925,7,122.72727272727273,0
741,1,1.8,23,120.0,1
742,3,0.5333333333333333,114,120.0,1
743,3,3.0,8,121.53846153846153,0
744,3,2.3157894736842106,3,121.36363636363636,0
745,1,1.894736842105263,80,126.66666666666667,1
746,2,1.7692307692307692,4,130.43478260869566,0
747,3,1.3125,3,124.76190476190476,0
748,3,0.6266666666666667,118,121.27659574468085,1
749,3,0.5256410256410257,8,122.92682926829268,0
750,1,1.1607142857142858,1,116.3076923076923,0
751,2,0.16666666666666666,238,150.0,1
752,2,0.9069767441860465,221,116.92307692307692,1
753,2,0.4725274725274725,275,118.6046511627907,1
754,2,0.3,277,120.0,1
755,2,1.02,3,135.2941176470588,0
756,2,2.34375,174,119.2,1
757,2,10.75,17,113.02325581395348,1
758,1,0.7368421052631579,205,124.28571428571429,1
759,2,1.9230769230769231,32,115.2,1
760,3,0.1797752808988764,429,86.25,1
761,1,0.44680851063829785,245,131.42857142857142,1
762,2,24.0,0,127.5,0
763,1,0.5121951219512195,44,117.14285714285714,1
764,1,2.9444444444444446,89,122.26415094339623,1
765,3,0.3333333333333333,53,125.21739130434783,1
766,2,0.18181818181818182,77,97.5,0
767,3,0.41304347826086957,607,132.6315789473684,1
768,3,0.9814814814814815,359,122.26415094339623,1
769,1,3.6666666666666665,1,128.1818181818182,0
770,1,0.47959183673469385,10,128.93617021276594,0
771,1,1.736842105263158,2,132.72727272727272,0
772,2,0.49382716049382713,379,129.0,1
773,2,14.75,2,118.98305084745763,0
774,1,0.16129032258064516,83,108.0,0
775,1,0.875,255,120.0,1
776,2,1.9642857142857142,142,126.54545454545455,1
777,1,0.5978260869565217,119,128.72727272727272,1
778,2,0.4891304347826087,11,122.66666666666667,0
779,3,1.6666666666666667,0,117.0,0
780,3,4.5625,2,124.10958904109589,0
781,2,0.5733333333333334,9,125.5813953488372,0
782,2,0.17,173,120.0,1
783,3,1.95,46,130.76923076923077,1
784,1,1.3902439024390243,195,113.6842105263158,1
785,3,0.6891891891891891,2,118.82352941176471,0
786,2,2.75,29,124.0909090909091,1
787,3,0.4444444444444444,109,106.875,1
788,3,31.0,4,118.06451612903226,1
789,1,0.7857142857142857,5,122.72727272727273,0
790,1,2.48,152,116.12903225806451,1
791,2,0.2,6,112.0,0
792,3,0.620253164556962,300,112.65306122448979,1
793,3,0.1,128,120.0,0
794,3,0.40476190476190477,34,134.11764705882354,1
795,3,1.7,54,120.0,1
796,2,0.1702127659574468,23,123.75,0
797,1,0.6063829787234043,565,128.42105263157896,1
798,1,0.19696969696969696,122,124.61538461538461,0
799,2,0.5909090909090909,8,108.46153846153847,0
800,2,0.2,171,137.14285714285714,1
801,3,0.5151515151515151,20,121.76470588235294,0
802,3,5.333333333333333,6,108.75,1
803,1,1.15,5,121.30434782608695,0
804,1,0.1111111111111111,123,111.42857142857143,1
805,1,4.4,26,117.27272727272727,1
806,3,4.428571428571429,72,119.03225806451613,1
807,1,2.5,87,118.0,1
808,3,2.111111111111111,3,116.84210526315789,0
809,1,0.2872340425531915,519,128.88888888888889,1
810,2,0.5760869565217391,591,120.0,1
811,3,1.75,26,111.42857142857143,1
812,3,0.5223880597014925,14,114.85714285714286,0
813,3,1.3333333333333333,0,118.33333333333333,0
814,2,0.18181818181818182,304,120.0,1
815,3,1.3846153846153846,4,130.0,0
816,3,0.18421052631578946,42,128.57142857142858,0
817,3,1.8846153846153846,4,102.85714285714286,0
818,2,0.15384615384615385,86,94.28571428571429,1
819,3,1.106060606060606,3,119.17808219178082,0
820,3,0.45454545454545453,159,117.0,1
821,3,0.0970873786407767,441,132.0,1
822,2,2.230769230769231,2,124.13793103448276,0
823,2,0.9508196721311475,31,125.17241379310344,1
824,1,1.0,363,121.15384615384616,1
825,2,1.6428571428571428,0,109.56521739130434,0
826,2,1.434782608695652,5,114.54545454545455,0
827,1,1.65,1,127.27272727272727,0
828,2,1.0952380952380953,113,93.91304347826087,1
829,1,0.5425531914893617,1,123.52941176470588,0
830,2,0.5733333333333334,0,111.62790697674419,0
831,2,2.5,1,96.0,0
832,3,16.0,1,138.75,1
833,2,0.788235294117647,325,111.94029850746269,1
834,2,0.2876712328767123,1,125.71428571428571,0
835,3,0.8,9,114.16666666666667,0
836,2,1.8205128205128205,2,114.92957746478874,0
837,3,0.28735632183908044,15,117.6,1
838,1,0.6428571428571429,0,125.55555555555556,0
839,1,0.15625,104,132.0,1
840,3,0.8048780487804879,115,123.63636363636364,1
841,2,1.5,1,122.22222222222223,0
842,2,1.1851851851851851,152,114.375,1
843,2,2.037037037037037,1,117.81818181818181,0
844,1,4.416666666666667,2,125.66037735849056,0
845,2,0.35294117647058826,17,130.0,0
846,1,0.2982456140350877,26,116.47058823529412,0
847,3,0.09859154929577464,51,94.28571428571429,0
848,3,1.5208333333333333,2,119.17808219178082,0
849,3,4.333333333333333,3,122.3076923076923,0
850,2,5.6923076923076925,0,111.08108108108108,0
851,1,5.538461538461538,0,116.66666666666667,0
852,3,0.23,303,122.6086956521739,1
853,3,0.8285714285714286,175,120.0,1
854,3,1.6923076923076923,118,115.9090909090909,1
855,2,5.416666666666667,2,121.84615384615384,0
856,3,1.6470588235294117,0,130.71428571428572,0
857,2,0.19230769230769232,76,120.0,1
858,3,0.40425531914893614,4,129.47368421052633,0
859,3,1.2678571428571428,353,136.05633802816902,1
860,2,0.2465753424657534,3,146.66666666666666,0
861,3,0.36666666666666664,166,141.8181818181818,1
862,2,1.0,362,120.88235294117646,1
863,1,1.1,277,109.0909090909091,1
864,1,0.47619047619047616,206,120.0,1
865,1,2.5,91,121.2,1
866,1,0.7419354838709677,149,112.17391304347827,1
868,3,15.75,0,119.04761904761905,0
869,1,0.2708333333333333,658,122.3076923076923,1
870,2,1.9714285714285715,4,126.08695652173913,0
871,2,0.175,25,115.71428571428571,0
872,3,0.5728155339805825,14,124.0677966101695,0
873,2,2.5925925925925926,93,117.42857142857143,1
874,3,0.27,21,137.77777777777777,0
875,1,0.4888888888888889,14,124.0909090909091,0
876,1,0.8260869565217391,117,135.78947368421052,1
877,1,1.0784313725490196,6,123.27272727272727,0
878,3,1.1346153846153846,3,126.10169491525424,0
879,2,2.642857142857143,1,116.75675675675676,0
880,3,2.3846153846153846,2,127.74193548387096,0
881,1,1.0888888888888888,258,112.65306122448979,1
882,2,0.4823529411764706,319,118.53658536585365,1
883,3,0.9342105263157895,235,123.38028169014085,1
884,2,1.3962264150943395,317,119.1891891891892,1
885,2,0.0958904109589041,493,111.42857142857143,1
886,3,2.611111111111111,10,134.04255319148936,1
887,1,0.5964912280701754,349,125.29411764705883,1
888,2,2.25,2,120.0,0
889,1,0.1724137931034483,50,112.0,0
890,2,0.8153846153846154,263,121.13207547169812,1
891,1,1.411764705882353,7,126.25,0
892,1,0.21311475409836064,314,124.61538461538461,1
893,1,0.5454545454545454,137,110.0,1
894,3,1.5555555555555556,72,116.57142857142857,1
895,2,0.3269230769230769,382,111.17647058823529,1
896,1,2.0294117647058822,110,120.8695652173913,1
897,1,0.4634146341463415,99,101.05263157894737,1
898,3,0.9315068493150684,58,119.11764705882354,0
899,1,0.7529411764705882,13,121.875,0
900,1,0.6666666666666666,6,116.25,0
901,1,0.45121951219512196,0,113.51351351351352,0
902,3,0.05263157894736842,195,120.0,0
903,1,1.3214285714285714,86,113.51351351351352,1
904,1,0.40625,108,115.38461538461539,1
905,2,0.88,7,125.45454545454545,0
906,3,10.4,8,126.92307692307692,1
907,1,0.8695652173913043,38,135.0,1
908,2,2.7777777777777777,5,120.0,0
909,3,0.06060606060606061,577,130.0,1
910,1,4.555555555555555,0,130.2439024390244,0
911,1,0.6451612903225806,1,123.0,0
912,3,4.333333333333333,21,138.46153846153845,1
913,2,6.666666666666667,21,114.0,1
914,2,0.7818181818181819,89,125.5813953488372,1
915,3,1.3636363636363635,1,125.6,0
916,1,12.0,7,116.0,1
917,1,0.7254901960784313,1,111.89189189189189,0
918,2,0.36363636363636365,65,127.5,1
919,3,1.9375,9,98.70967741935483,1
920,3,1.0317460317460319,7,128.30769230769232,0
921,1,1.8,1,132.22222222222223,0
922,2,1.3148148148148149,211,121.69014084507042,1
923,1,0.2535211267605634,41,133.33333333333334,0
924,1,0.5394736842105263,213,117.07317073170732,1
925,1,0.5567010309278351,16,128.88888888888889,0
926,2,5.1,0,127.05882352941177,0
927,2,1.35,3,123.33333333333333,0
928,3,1.1111111111111112,0,114.0,0
929,2,0.3698630136986301,9,133.33333333333334,0
930,1,0.4852941176470588,48,107.27272727272727,0
931,2,0.24285714285714285,180,130.58823529411765,1
932,3,0.5416666666666666,1,118.84615384615384,0
933,3,1.5625,5,117.6,0
934,3,3.7333333333333334,47,117.85714285714286,1
935,1,0.6629213483146067,607,118.98305084745763,1
936,1,1.530612244897959,205,127.2,1
937,3,1.1724137931034482,317,118.23529411764706,1
938,1,0.3883495145631068,440,111.0,1
939,2,0.07954545454545454,35,128.57142857142858,0
940,3,3.272727272727273,65,126.66666666666667,1
941,1,0.32432432432432434,79,112.5,1
942,3,18.0,16,118.88888888888889,1
943,3,1.48,5,128.1081081081081,0
944,2,10.833333333333334,0,112.61538461538461,0
945,3,0.7692307692307693,3,123.0,0
946,2,2.1666666666666665,54,122.3076923076923,1
947,1,0.7555555555555555,3,113.82352941176471,0
948,2,1.3703703703703705,83,123.24324324324324,1
949,2,1.5142857142857142,0,124.52830188679245,0
950,1,0.9411764705882353,6,127.5,0
951,2,0.39622641509433965,251,102.85714285714286,1
952,1,0.0684931506849315,130,108.0,0
953,3,0.6404494382022472,8,118.94736842105263,0
954,3,0.3375,531,120.0,1
955,1,0.7833333333333333,362,134.04255319148936,1
956,2,0.2391304347826087,25,114.54545454545455,0
957,3,3.0555555555555554,0,135.27272727272728,0
958,3,0.2,1,120.0,0
959,2,0.13157894736842105,55,96.0,0
960,2,0.8021978021978022,550,114.24657534246575,1
961,2,0.5340909090909091,19,116.17021276595744,0
962,1,2.2413793103448274,77,122.76923076923077,1
963,2,0.0821917808219178,185,120.0,1
964,1,0.6144578313253012,82,120.0,1
965,1,0.7297297297297297,445,127.77777777777777,1
966,3,0.803030303030303,0,104.15094339622641,0
967,1,0.9863013698630136,3,124.16666666666667,0
968,1,2.269230769230769,77,132.20338983050848,1
969,3,0.6138613861386139,198,123.87096774193549,1
970,2,1.3783783783783783,53,110.58823529411765,1
971,3,0.4,20,135.0,0
972,2,0.64,15,116.25,0
973,2,0.5952380952380952,10,136.8,0
974,2,0.5697674418604651,160,116.3265306122449,1
975,3,1.625,53,133.84615384615384,1
976,1,56.0,9,125.35714285714286,1
977,2,0.9642857142857143,104,127.77777777777777,1
978,1,0.7096774193548387,9,111.81818181818181,0
979,3,0.57,10,127.36842105263158,0
980,3,4.545454545454546,0,110.4,0
981,2,0.8414634146341463,26,116.52173913043478,0
982,2,1.5454545454545454,5,96.47058823529412,0
983,3,0.35384615384615387,309,109.56521739130434,1
984,3,0.10416666666666667,299,156.0,1
985,2,3.9411764705882355,5,118.2089552238806,0
986,2,0.14545454545454545,92,105.0,1
987,2,1.1578947368421053,16,110.45454545454545,1
988,2,0.6336633663366337,575,124.6875,1
989,1,53.0,3,124.52830188679245,1
990,3,0.7105263157894737,16,122.22222222222223,0
991,1,1.6046511627906976,99,126.08695652173913,1
992,3,2.7142857142857144,3,145.26315789473685,0
993,3,0.7586206896551724,171,113.18181818181819,1
994,2,2.25,0,120.0,0
995,1,0.3472222222222222,368,117.6,1
996,3,1.8,1,130.0,0
997,2,0.22580645161290322,130,115.71428571428571,1
998,3,0.1111111111111111,13,140.0,0
999,1,0.7341772151898734,336,121.03448275862068,1
1000,2,0.8571428571428571,160,115.0,1
1001,1,0.20512820512820512,23,97.5,0
1002,2,1.0909090909090908,23,116.25,1
1003,1,0.4,63,111.42857142857143,1
1004,2,0.6666666666666666,1,122.14285714285714,0
1005,3,0.2923076923076923,149,123.15789473684211,1
1006,1,1.186046511627907,74,123.52941176470588,1
1007,3,0.6666666666666666,13,112.22222222222223,0
1009,1,1.2372881355932204,1,124.10958904109589,0
1010,1,0.8181818181818182,4,133.33333333333334,0
1011,3,1.5625,223,125.6,1
1012,1,1.1904761904761905,138,118.8,1
1013,1,0.1276595744680851,41,110.0,0
1014,3,3.5,22,120.0,1
1015,1,0.47368421052631576,25,108.0,0
1016,3,0.25806451612903225,213,101.25,1
1017,1,0.5365853658536586,11,128.1818181818182,0
1018,2,2.1,1,100.0,0
1019,1,0.6,14,118.57142857142857,0
1020,2,1.829268292682927,1,128.8,0
1021,1,2.35,67,118.72340425531915,1
1022,2,0.345679012345679,468,143.57142857142858,1
1023,2,1.4444444444444444,8,113.07692307692308,1
1024,1,0.5795454545454546,484,114.11764705882354,1
1025,2,0.11594202898550725,9,120.0,0
1026,3,2.5384615384615383,146,113.63636363636364,1
1027,3,0.3582089552238806,9,107.5,0
1028,1,0.8260869565217391,47,104.21052631578948,1
1029,1,0.3698630136986301,290,122.22222222222223,1
1030,1,11.0,3,122.72727272727273,1
1031,1,0.30392156862745096,558,127.74193548387096,1
1032,3,65.0,0,116.3076923076923,0
1033,2,0.2608695652173913,139,125.0,1
1034,2,1.4473684210526316,6,129.8181818181818,0
1035,1,0.9090909090909091,336,120.0,1
1036,1,1.186046511627907,1,114.11764705882354,0
1037,2,0.8356164383561644,26,112.1311475409836,0
1038,1,4.769230769230769,13,118.06451612903226,1
1039,1,1.775,181,119.15492957746478,1
1040,3,1.6388888888888888,41,127.11864406779661,1
1041,3,2.1153846153846154,30,122.18181818181819,1
1042,3,1.55,53,114.19354838709677,1
1043,1,0.17777777777777778,22,112.5,0
1044,1,0.4142857142857143,4,122.06896551724138,0
1045,1,0.09574468085106383,578,133.33333333333334,1
1046,3,0.43157894736842106,619,122.92682926829268,1
1047,2,1.5,293,122.6086956521739,1
1048,3,0.5862068965517241,12,130.58823529411765,0
1049,1,0.38596491228070173,148,133.63636363636363,1
1050,2,0.32857142857142857,40,127.82608695652173,0
1051,2,0.4722222222222222,13,98.82352941176471,0
1052,1,3.0434782608695654,3,129.42857142857142,0
1053,1,8.11111111111111,39,124.10958904109589,1
1054,2,0.16666666666666666,10,132.0,0
1055,1,0.4827586206896552,17,107.14285714285714,0
1056,3,0.5128205128205128,162,117.0,1
1057,3,0.4074074074074074,84,109.0909090909091,1
1058,3,1.558139534883721,20,115.5223880597015,0
1059,1,2.3793103448275863,9,115.65217391304348,0
1060,2,0.578125,338,116.75675675675676,1
1061,3,0.07317073170731707,123,110.0,0
1062,3,0.3595505617977528,172,121.875,1
1063,3,0.5616438356164384,398,125.85365853658537,1
1064,3,1.4166666666666667,3,120.0,0
1065,2,0.7777777777777778,2,97.14285714285714,0
1066,3,1.1428571428571428,14,117.5,0
1067,1,2.3157894736842106,7,130.9090909090909,0
1068,3,1.3953488372093024,267,128.0,1
1069,3,0.9024390243902439,39,131.35135135135135,1
1070,1,0.5538461538461539,65,128.33333333333334,1
1071,2,1.1153846153846154,256,103.44827586206897,1
1072,1,0.6629213483146067,17,116.94915254237289,0
1073,3,2.7777777777777777,187,113.6,1
1074,2,1.9285714285714286,178,112.22222222222223,1
1075,2,1.3793103448275863,7,120.0,0
1076,1,0.7636363636363637,222,104.28571428571429,1
1077,3,0.42105263157894735,64,105.0,1
1078,3,0.45454545454545453,109,126.0,1
1079,2,0.1891891891891892,7,137.14285714285714,0
1080,2,1.2173913043478262,64,120.0,1
1081,2,0.4117647058823529,31,107.14285714285714,0
1082,2,2.5833333333333335,4,132.58064516129033,1
1083,1,7.3,0,110.13698630136986,0
1084,3,0.5405405405405406,495,121.5,1
1085,1,0.75,31,120.0,0
1086,2,0.2727272727272727,4,120.0,0
1087,1,0.9285714285714286,1,126.92307692307692,0
1088,2,0.6567164179104478,0,106.36363636363636,0
1089,1,1.5714285714285714,61,128.1818181818182,1
1090,1,3.875,27,126.7741935483871,1
1091,3,5.615384615384615,0,116.71232876712328,0
1092,2,1.3125,27,120.0,1
1093,3,1.2702702702702702,1,127.65957446808511,0
1094,3,0.6756756756756757,1,117.6,0
1095,1,0.8823529411764706,3,124.0,0
1096,2,0.32608695652173914,26,112.0,0
1097,3,0.2413793103448276,11,124.28571428571429,0
1098,3,0.4084507042253521,120,115.86206896551724,1
1099,1,0.8787878787878788,388,120.0,1
1100,2,0.16176470588235295,44,109.0909090909091,0
1101,1,0.3142857142857143,9,114.54545454545455,0
1102,1,0.42045454545454547,3,116.75675675675676,0
1103,2,0.5125,203,127.3170731707317,1
1104,1,1.0,216,123.82978723404256,1
1105,3,1.6538461538461537,0,117.20930232558139,0
1106,3,1.9142857142857144,1,127.16417910447761,0
1107,3,0.7123287671232876,4,123.46153846153847,0
1108,2,3.1052631578947367,0,107.79661016949153,0
1109,3,0.4142857142857143,11,117.93103448275862,0
1110,3,0.08974358974358974,14,111.42857142857143,1
1111,1,43.0,0,126.97674418604652,0
1112,1,0.2840909090909091,172,120.0,1
1113,2,1.380952380952381,90,124.13793103448276,1
1114,1,5.25,7,123.80952380952381,1
1115,1,1.0,2,135.0,0
1116,3,10.2,28,111.76470588235294,1
1117,1,0.07216494845360824,351,120.0,1
1118,3,0.39759036144578314,11,118.18181818181819,0
1119,2,1.0,168,124.86486486486487,1
1120,1,3.3333333333333335,0,115.71428571428571,0
1121,2,0.8043478260869565,9,129.72972972972974,0
1122,2,0.725,7,115.86206896551724,0
1123,1,0.19480519480519481,332,104.0,1
1124,1,12.4,7,120.0,1
1125,2,0.45918367346938777,241,120.0,1
1126,3,0.5977011494252874,1,117.6923076923077,0
1127,1,1.2745098039215685,6,129.23076923076923,0
1128,1,0.20253164556962025,26,123.75,0
1129,1,1.1333333333333333,0,120.0,0
1130,2,0.12222222222222222,495,92.72727272727273,1
1131,3,0.9666666666666667,139,124.13793103448276,1
1132,3,4.111111111111111,74,119.1891891891892,1
1133,3,0.4090909090909091,0,100.0,0
1134,1,0.7066666666666667,309,118.86792452830188,1
1135,3,0.4411764705882353,13,116.0,0
1136,3,0.32,174,120.0,1
1137,3,0.3090909090909091,2,116.47058823529412,0
1138,3,13.0,2,120.0,1
1139,1,1.530612244897959,4,116.8,0
1140,1,1.263157894736842,354,117.5,1
1141,2,0.7142857142857143,3,115.5,0
1142,3,0.2876712328767123,30,122.85714285714286,0
1143,1,1.2682926829268293,11,120.0,0
1144,1,2.130434782608696,2,124.89795918367346,0
1145,2,1.0,55,113.33333333333333,1
1146,2,1.6444444444444444,2,124.05405405405405,0
1147,2,10.428571428571429,1,120.0,0
1148,2,1.7941176470588236,124,137.70491803278688,1
1149,3,0.2948717948717949,3,122.6086956521739,0
1150,3,0.4567901234567901,0,107.02702702702703,0
1151,2,0.45,168,124.44444444444444,1
1152,2,1.125,0,118.33333333333333,0
1153,1,0.7,187,113.57142857142857,1
1154,3,2.25,3,124.44444444444444,0
1155,3,0.21428571428571427,24,100.0,0
1156,1,27.0,0,117.77777777777777,0
1157,2,0.3076923076923077,194,117.85714285714286,1
1158,1,0.28,4,128.57142857142858,0
1159,3,1.1875,72,104.21052631578948,1
1160,2,38.0,0,132.6315789473684,0
1161,3,0.296875,236,132.6315789473684,1
1162,1,0.35714285714285715,390,114.0,1
1163,3,0.7888888888888889,2,121.69014084507042,0
1164,1,1.8518518518518519,3,120.0,0
1165,1,0.3953488372093023,301,120.0,1
1166,2,0.46938775510204084,528,123.91304347826087,1
1167,3,3.3181818181818183,74,120.0,1
1168,2,0.16176470588235295,55,136.36363636363637,0
1169,3,0.4782608695652174,117,114.54545454545455,1
1170,3,7.2,0,115.0,0
1171,2,1.1666666666666667,16,131.42857142857142,1
1172,3,0.2872340425531915,16,135.55555555555554,0
1173,1,0.7647058823529411,44,138.46153846153845,1
1174,1,0.5833333333333334,192,130.0,1
1175,3,0.18292682926829268,6,120.0,0
1176,1,0.17525773195876287,275,123.52941176470588,1
1177,3,0.5,274,132.5,1
1178,1,0.35185185185185186,12,104.21052631578948,0
1179,2,6.888888888888889,2,120.96774193548387,0
1180,3,0.7012987012987013,440,125.55555555555556,1
1181,1,0.3263157894736842,18,118.06451612903226,0
1182,2,3.0,97,128.88888888888889,1
1183,3,1.1025641025641026,1,117.20930232558139,0
1185,2,1.5333333333333334,2,135.65217391304347,0
1186,3,3.5625,1,125.26315789473684,0
1187,3,0.9125,7,114.24657534246575,0
1188,2,1.0,336,131.61290322580646,1
1189,2,0.7674418604651163,211,118.18181818181819,1
1190,2,1.2037037037037037,37,122.76923076923077,1
1191,1,2.125,7,122.6470588235294,0
1192,3,11.25,0,126.66666666666667,0
1193,1,0.7733333333333333,1,111.72413793103448,0
1194,2,1.4038461538461537,309,121.64383561643835,1
1195,1,0.9148936170212766,193,118.6046511627907,1
1196,2,0.9041095890410958,386,130.0,1
1197,2,0.4166666666666667,0,126.0,0
1198,1,1.9230769230769231,62,115.2,1
1199,3,50.0,0,117.6,0
1200,2,2.6538461538461537,2,121.73913043478261,0
1201,3,0.1568627450980392,86,105.0,0
1202,2,1.3888888888888888,3,111.6,0
1203,2,1.8387096774193548,184,134.73684210526315,1
1204,1,1.0333333333333334,119,106.45161290322581,1
1205,3,1.4893617021276595,0,113.14285714285714,0
1206,2,0.6486486486486487,10,118.75,0
1207,1,0.78125,2,114.4,0
1208,1,0.10227272727272728,30,140.0,0
1209,2,0.7701149425287356,345,124.4776119402985,1
1210,3,0.21739130434782608,34,72.0,0
1211,3,0.7536231884057971,479,99.23076923076923,1
1212,1,1.6666666666666667,2,138.0,0
1213,3,0.3157894736842105,72,110.0,1
1214,1,0.9615384615384616,143,106.8,1
1215,1,0.46601941747572817,372,123.75,1
1216,1,2.32,132,112.75862068965517,1
1217,2,1.8529411764705883,115,111.42857142857143,1
1218,2,1.0,417,116.94915254237289,1
1219,2,2.9565217391304346,0,125.29411764705883,0
1220,2,1.6666666666666667,58,148.0,1
1221,1,50.0,0,128.4,0
1222,3,1.0,3,157.5,0
1223,2,0.4166666666666667,342,106.0,1
1224,3,0.29411764705882354,254,111.0,1
1225,1,1.046875,418,123.58208955223881,1
1226,1,0.7888888888888889,41,110.70422535211267,1
1227,3,0.7674418604651163,24,114.54545454545455,0
1228,3,46.0,0,127.82608695652173,0
1229,3,1.1333333333333333,60,120.0,1
1230,3,0.367816091954023,606,108.75,1
1231,3,0.15384615384615385,179,130.0,1
1232,2,0.2962962962962963,4,105.0,0
1233,2,0.5909090909090909,13,116.53846153846153,0
1234,2,1.0,8,134.11764705882354,0
1235,3,5.666666666666667,8,120.0,1
1236,1,0.3142857142857143,36,103.63636363636364,0
1237,1,0.7804878048780488,25,116.25,0
1238,3,0.6981132075471698,11,118.37837837837837,0
1239,3,0.8656716417910447,120,132.41379310344828,1
1240,1,4.2,0,125.71428571428571,0
1241,3,0.863013698630137,242,123.80952380952381,1
1242,3,0.46808510638297873,288,130.9090909090909,1
1243,1,0.574468085106383,131,130.0,1
1244,3,0.4482758620689655,35,120.0,0
1245,1,1.2857142857142858,308,112.5,1
1246,2,53.0,0,122.26415094339623,0
1247,1,0.725,5,132.41379310344828,0
1248,1,0.7714285714285715,1,115.55555555555556,0
1249,3,1.4893617021276595,207,121.71428571428571,1
1250,2,0.2222222222222222,19,111.81818181818181,0
1251,2,2.2142857142857144,0,116.12903225806451,0
1252,1,1.3333333333333333,5,97.5,0
1253,3,0.717391304347826,0,114.54545454545455,0
1254,3,28.5,11,118.94736842105263,1
1255,2,0.12244897959183673,418,125.0,1
1256,1,0.4,79,129.23076923076923,1
1257,2,1.3333333333333333,0,120.0,0
1258,3,0.40298507462686567,88,122.22222222222223,1
1259,2,0.15384615384615385,275,114.0,1
1260,3,1.9411764705882353,33,116.36363636363636,1
1261,3,0.8928571428571429,2,122.4,0
1262,2,0.391304347826087,29,113.33333333333333,1
1263,1,0.7638888888888888,0,113.45454545454545,0
1264,3,0.9552238805970149,303,123.75,1
1265,1,1.1515151515151516,1,115.26315789473684,0
1266,2,0.8,9,112.5,0
1267,3,1.3888888888888888,1,103.2,0
1268,1,1.9696969696969697,78,120.92307692307692,1
1269,1,0.6111111111111112,0,92.72727272727273,0
1270,2,0.24691358024691357,9,117.0,0
1271,1,14.333333333333334,15,124.18604651162791,1
1272,1,0.0967741935483871,141,90.0,1
1273,1,0.9594594594594594,1,117.46478873239437,0
1274,2,1.0,4,128.4375,0
1275,1,0.6410256410256411,8,129.6,0
1276,2,0.5846153846153846,154,124.73684210526316,1
1277,2,5.0,39,130.66666666666666,1
1278,2,0.33707865168539325,391,118.0,1
1279,2,4.714285714285714,1,120.0,0
1280,2,0.5142857142857142,6,126.66666666666667,0
1281,2,2.3225806451612905,5,116.66666666666667,0
1282,2,0.696969696969697,8,122.6086956521739,0
1283,2,3.6,1,120.0,0
1284,1,0.359375,21,117.3913043478261,0
1285,1,0.8571428571428571,91,100.0,1
1286,3,1.8421052631578947,59,131.14285714285714,1
1287,1,0.6176470588235294,195,127.14285714285714,1
1288,1,1.1515151515151516,199,123.15789473684211,1
1289,1,1.5333333333333334,1,120.0,0
1290,1,1.3461538461538463,2,120.0,0
1291,3,0.9493670886075949,399,124.8,1
1292,2,0.45348837209302323,211,129.23076923076923,1
1293,1,0.44,25,107.27272727272727,0
1294,3,59.0,3,124.0677966101695,1
1295,1,2.111111111111111,102,134.21052631578948,1
1296,2,2.5,0,115.5,0
1297,3,3.6,5,126.66666666666667,1
1298,1,0.15714285714285714,51,103.63636363636364,0
1299,1,0.5333333333333333,275,118.75,1
1300,2,0.47474747474747475,14,105.95744680851064,0
1301,2,0.7222222222222222,358,131.07692307692307,1
1302,3,1.150943396226415,280,116.06557377049181,1
1303,3,0.35714285714285715,302,120.0,1
1304,2,0.9565217391304348,111,128.1818181818182,1
1305,1,2.269230769230769,81,123.05084745762711,1
1306,2,0.6,276,120.0,1
1307,2,2.8333333333333335,3,123.52941176470588,0
1308,3,0.35,0,113.14285714285714,0
1309,3,0.7027027027027027,13,117.6923076923077,0
1310,3,1.1111111111111112,117,126.0,1
1311,2,0.7530864197530864,2,119.01639344262296,0
1312,1,0.9178082191780822,376,123.58208955223881,1
1313,2,1.5897435897435896,84,126.7741935483871,1
1314,1,1.1020408163265305,298,121.11111111111111,1
1315,1,0.8095238095238095,188,114.70588235294117,1
1316,1,1.087719298245614,2,103.54838709677419,0
1317,2,0.3333333333333333,10,127.5,0
1318,1,4.0,1,115.5,0
1319,1,0.25609756097560976,174,102.85714285714286,1
1320,3,0.13793103448275862,219,112.5,1
1321,3,0.11904761904761904,98,108.0,0
1322,2,0.7384615384615385,75,117.5,1
1323,1,0.7746478873239436,0,120.0,0
1324,3,1.641025641025641,257,123.75,1
1325,2,0.5316455696202531,483,118.57142857142857,1
1326,2,3.380952380952381,2,110.70422535211267,0
1327,3,0.2903225806451613,204,120.0,1
1328,2,2.357142857142857,1,121.81818181818181,0
1329,3,0.43661971830985913,3,118.06451612903226,0
1330,3,0.4,2,120.0,0
1331,3,0.2111111111111111,230,126.3157894736842,1
1332,2,0.6629213483146067,330,123.05084745762711,1
1333,2,0.11538461538461539,111,113.33333333333333,1
1334,1,0.46987951807228917,147,109.23076923076923,1
1335,1,2.0384615384615383,174,120.0,1
1336,2,0.36,285,126.66666666666667,1
1337,1,0.9333333333333333,2,115.71428571428571,0
1338,2,0.56,75,128.57142857142858,1
1339,1,0.4666666666666667,303,111.42857142857143,1
1340,2,6.181818181818182,18,124.41176470588235,1
1341,3,1.0740740740740742,0,112.75862068965517,0
1342,1,0.65625,241,128.57142857142858,1
1343,2,2.7037037037037037,25,117.53424657534246,1
1344,3,3.1666666666666665,62,118.94736842105263,1
1345,3,0.62,2,118.06451612903226,0
1346,2,1.7096774193548387,4,127.9245283018868,0
1347,3,0.7888888888888889,411,114.08450704225352,1
1348,2,1.1090909090909091,2,125.90163934426229,0
1349,1,0.4489795918367347,0,136.36363636363637,0
1350,3,1.2241379310344827,296,117.46478873239437,1
1351,3,4.733333333333333,4,123.38028169014085,0
1352,1,0.9102564102564102,2,114.92957746478874,0
1353,1,0.4264705882352941,25,122.06896551724138,0
1354,1,1.1290322580645162,9,111.42857142857143,1
1355,1,0.7052631578947368,95,126.26865671641791,1
1356,2,18.0,13,123.33333333333333,1
1357,1,2.24,1,116.78571428571429,0
1358,2,4.0,10,112.5,1
1359,2,0.8928571428571429,1,132.0,0
1360,3,1.0625,131,134.11764705882354,1
1361,1,0.7317073170731707,185,144.0,1
1362,3,1.641025641025641,4,120.9375,0
1363,1,0.16129032258064516,170,60.0,1
1364,1,0.5612244897959183,19,117.81818181818181,0
1365,3,0.390625,9,115.2,0
1366,1,0.22916666666666666,53,111.81818181818181,1
1367,2,1.625,3,117.6923076923077,0
1368,1,0.5975609756097561,505,138.3673469387755,1
1369,3,0.14492753623188406,46,96.0,0
1370,1,2.3125,3,111.89189189189189,0
1371,3,4.4,91,112.72727272727273,1
1372,3,24.333333333333332,7,133.97260273972603,1
1373,2,1.4166666666666667,95,125.29411764705883,1
1374,2,2.923076923076923,3,120.0,0
1375,2,0.47126436781609193,271,122.92682926829268,1
1376,1,2.5714285714285716,10,116.66666666666667,0
1377,3,1.0,74,120.0,1
1378,3,1.0222222222222221,189,120.0,1
1379,3,20.0,0,111.0,0
1380,1,0.5294117647058824,16,133.33333333333334,1
1381,3,1.7307692307692308,77,121.33333333333333,1
1382,2,0.16129032258064516,52,138.0,1
1383,1,1.2857142857142858,3,113.33333333333333,0
1384,3,0.7945205479452054,30,115.86206896551724,1
1385,2,0.9516129032258065,3,129.15254237288136,0
1386,1,0.48514851485148514,685,127.34693877551021,1
1387,2,0.13333333333333333,453,140.0,1
1388,2,0.2,50,144.0,0
1389,3,0.734375,2,123.82978723404256,0
1390,3,1.3076923076923077,3,126.17647058823529,0
1391,3,0.9154929577464789,252,119.07692307692308,1
1392,2,12.5,3,123.6,1
1393,3,20.5,0,124.39024390243902,0
1394,1,0.24509803921568626,54,122.4,1
1395,3,0.6354166666666666,317,132.78688524590163,1
1396,3,0.90625,2,121.03448275862068,0
1397,2,1.2571428571428571,9,109.0909090909091,0
1398,2,0.85,9,112.94117647058823,0
1399,2,0.31958762886597936,192,118.06451612903226,1
1400,2,1.0666666666666667,44,123.75,1
1401,2,0.4935064935064935,217,116.84210526315789,1
1402,2,0.43137254901960786,19,114.54545454545455,0
1403,3,26.0,0,124.61538461538461,0
1404,1,0.6049382716049383,7,117.55102040816327,0
1405,2,0.92,132,101.73913043478261,1
1406,1,0.4691358024691358,9,112.10526315789474,0
1407,1,0.746031746031746,326,116.17021276595744,1
1408,3,0.8375,266,115.5223880597015,1
1409,2,0.9333333333333333,13,122.85714285714286,0
1410,2,1.9047619047619047,63,129.0,1
1411,1,6.6,37,127.27272727272727,1
1412,1,0.7391304347826086,4,130.58823529411765,0
1413,2,0.16417910447761194,103,114.54545454545455,0
1414,3,0.2988505747126437,2,110.76923076923077,0
1415,1,0.48,45,117.5,0
1416,2,0.3968253968253968,210,129.6,1
1417,2,0.2,69,127.5,1
1418,1,0.47368421052631576,23,113.33333333333333,0
1419,1,1.6538461538461537,147,115.81395348837209,1
1420,2,1.2727272727272727,1,94.28571428571429,0
1421,3,0.68,2,111.76470588235294,0
1422,3,0.6770833333333334,3,112.61538461538461,0
1423,3,0.375,48,160.0,1
1424,1,1.1666666666666667,1,132.85714285714286,0
1425,3,3.1,103,124.83870967741936,1
1426,1,0.686046511627907,4,117.96610169491525,0
1427,2,1.6,55,123.21428571428571,1
1428,3,0.2558139534883721,174,125.45454545454545,1
1429,3,0.3055555555555556,4,130.9090909090909,0
1430,2,1.7826086956521738,73,115.60975609756098,1
1431,1,0.9090909090909091,122,118.5,1
1432,1,0.7804878048780488,2,112.5,0
1433,1,0.1111111111111111,119,82.5,0
1434,1,0.6216216216216216,26,122.6086956521739,0
1435,2,0.39473684210526316,23,128.0,0
1436,3,2.5454545454545454,112,124.28571428571429,1
1437,3,1.1967213114754098,0,120.0,0
1438,1,0.16129032258064516,83,120.0,0
1439,1,7.0,1,145.71428571428572,0
1440,1,0.49019607843137253,158,134.4,1
1441,2,8.5,3,127.05882352941177,0
1442,2,0.4838709677419355,412,120.0,1
1443,1,0.26373626373626374,10,125.0,0
1444,3,0.8048780487804879,15,121.81818181818181,0
1445,2,0.6888888888888889,10,115.16129032258064,0
1446,3,0.36363636363636365,36,135.0,1
1447,3,0.8082191780821918,3,117.96610169491525,0
1448,1,1.7222222222222223,2,127.74193548387096,0
1449,1,0.28,3,131.42857142857142,0
1450,1,0.7375,19,123.05084745762711,0
1451,3,0.875,1,132.85714285714286,0
1452,3,0.6626506024096386,313,132.0,1
1453,1,0.5581395348837209,10,102.5,0
1454,2,0.203125,70,110.76923076923077,0
1455,2,5.909090909090909,31,117.23076923076923,1
1456,1,2.6785714285714284,1,118.4,0
1457,1,0.6739130434782609,6,118.06451612903226,0
1458,3,0.34285714285714286,180,115.0,1
1459,1,0.8125,1,118.46153846153847,0
1460,3,0.7910447761194029,24,120.0,0
1461,3,0.7241379310344828,4,102.85714285714286,0
1462,2,1.85,57,130.54054054054055,1
1463,1,0.5227272727272727,6,133.04347826086956,0
1464,1,0.38095238095238093,387,125.625,1
1465,3,0.1941747572815534,528,108.0,1
1466,3,7.166666666666667,2,126.97674418604652,0
1467,1,0.6,9,110.0,0
1468,3,0.30158730158730157,24,107.36842105263158,0
1469,2,0.7941176470588235,433,118.88888888888889,1
1470,2,0.24489795918367346,11,145.0,0
1471,2,0.18518518518518517,76,144.0,0
1472,2,0.17105263157894737,240,110.76923076923077,1
1473,2,6.090909090909091,12,120.0,1
1474,2,0.4470588235294118,132,90.0,1
1475,1,5.333333333333333,0,131.25,0
1476,3,1.6428571428571428,3,111.30434782608695,0
1477,1,14.8,13,120.8108108108108,1
1478,2,1.1428571428571428,116,125.35714285714286,1
1479,3,1.0681818181818181,165,121.27659574468085,1
1480,3,1.65625,4,109.81132075471699,0
1481,3,0.1791044776119403,30,125.0,0
1482,2,0.6039603960396039,0,118.0327868852459,0
1483,2,5.7,2,109.47368421052632,0
1484,2,2.0,33,117.56756756756756,1
1485,3,0.6122448979591837,15,128.0,0
1486,2,0.5384615384615384,16,110.0,0
1487,3,1.0294117647058822,2,111.42857142857143,0
1488,2,0.9333333333333333,25,120.0,1
1489,3,2.533333333333333,3,126.3157894736842,0
1490,3,0.11666666666666667,119,111.42857142857143,0
1491,2,0.11428571428571428,124,90.0,1
1492,1,0.9193548387096774,250,118.94736842105263,1
1493,1,2.03125,176,117.23076923076923,1
1494,1,0.4084507042253521,5,115.86206896551724,0
1495,3,1.2307692307692308,218,123.75,1
1496,1,0.5730337078651685,1,120.0,0
1497,2,1.6470588235294117,41,111.42857142857143,1
1498,2,5.4,15,117.77777777777777,1
1499,1,0.7142857142857143,74,122.0,1
1500,3,1.1944444444444444,20,133.95348837209303,0
1501,2,42.0,4,107.14285714285714,1
1502,3,3.238095238095238,1,119.11764705882354,0
1503,3,0.6122448979591837,262,118.0,1
1504,3,1.9210526315789473,2,132.32876712328766,0
1505,3,0.2696629213483146,235,122.5,1
1506,2,1.9130434782608696,1,122.72727272727273,0
1507,2,5.0,6,144.0,1
1508,3,1.0204081632653061,119,109.2,1
1509,3,0.15384615384615385,367,120.0,1
1510,2,0.39361702127659576,3,118.37837837837837,0
1511,3,0.6888888888888889,17,127.74193548387096,0
1512,2,0.7391304347826086,242,125.29411764705883,1
1513,2,0.38095238095238093,89,112.5,1
1514,1,0.9295774647887324,2,121.81818181818181,0
1515,2,0.9594594594594594,5,123.38028169014085,0
1516,3,0.9146341463414634,190,111.2,1
1517,2,36.5,0,123.28767123287672,0
1518,1,0.9661016949152542,319,123.15789473684211,1
1519,2,9.142857142857142,1,124.6875,0
1520,2,0.2,101,133.84615384615384,0
1521,1,0.7303370786516854,0,124.61538461538461,0
1522,2,8.666666666666666,0,117.6923076923077,0
1523,1,2.3636363636363638,2,120.0,0
1524,2,1.5263157894736843,119,126.20689655172414,1
1525,1,1.56,7,121.53846153846153,0
1526,1,1.0338983050847457,29,120.98360655737704,0
1527,3,0.509090909090909,376,111.42857142857143,1
1528,2,5.909090909090909,6,111.6923076923077,1
1529,3,0.8571428571428571,8,135.0,0
1530,2,0.5882352941176471,158,122.4,1
1531,2,0.3333333333333333,8,102.85714285714286,0
1532,2,3.611111111111111,27,107.07692307692308,1
1533,3,0.423728813559322,273,129.6,1
1534,3,0.40298507462686567,10,135.55555555555554,0
1535,1,0.42391304347826086,303,120.0,1
1536,2,0.3902439024390244,6,112.5,0
1537,3,33.0,0,115.45454545454545,0
1538,3,1.5333333333333334,16,96.52173913043478,1
1539,1,7.222222222222222,3,110.76923076923077,1
1540,2,0.9259259259259259,21,117.6,1
1541,3,1.0,166,114.14634146341463,1
1542,1,0.6078431372549019,40,120.0,0
1543,2,48.0,0,138.75,0
1544,3,1.3333333333333333,6,120.0,0
1545,2,3.6153846153846154,1,125.1063829787234,0
1546,3,1.098360655737705,220,114.6268656716418,1
1547,1,0.14285714285714285,313,120.0,1
1548,3,1.55,3,109.35483870967742,0
1549,2,10.0,0,108.0,0
1550,3,0.379746835443038,4,112.0,0
1551,3,0.3894736842105263,327,118.37837837837837,1
1552,3,0.11956521739130435,545,114.54545454545455,1
1553,3,2.0,0,100.9090909090909,0
1554,2,1.2444444444444445,133,122.14285714285714,1
1555,2,0.19230769230769232,9,126.0,0
1556,3,2.225806451612903,107,120.8695652173913,1
1557,3,1.3636363636363635,161,114.4,1
1558,3,0.6292134831460674,201,114.64285714285714,1
1559,3,0.7464788732394366,3,116.60377358490567,0
1560,1,0.44,28,139.0909090909091,1
1561,1,0.7252747252747253,1,124.54545454545455,0
1562,1,0.328125,3,125.71428571428571,0
1563,1,0.78125,216,110.4,1
1564,3,0.8448275862068966,191,128.57142857142858,1
1565,1,0.46875,239,126.66666666666667,1
1566,2,0.6470588235294118,160,114.54545454545455,1
1567,1,0.6,9,112.85714285714286,0
1568,2,0.7936507936507936,0,120.0,0
1569,3,1.2580645161290323,100,126.15384615384616,1
1570,3,6.6,31,118.18181818181819,1
1571,3,1.6578947368421053,75,110.47619047619048,1
1572,1,0.6744186046511628,20,128.27586206896552,0
1573,1,0.3333333333333333,4,121.81818181818181,0
1574,3,0.6710526315789473,512,118.82352941176471,1
1575,2,0.8072289156626506,5,133.43283582089552,0
1576,3,3.5,11,137.14285714285714,1
1577,2,1.4791666666666667,158,118.30985915492958,1
1578,3,2.1666666666666665,45,115.38461538461539,1
1579,3,1.7037037037037037,4,114.78260869565217,0
1580,3,1.2,125,115.0,1
1581,1,0.43820224719101125,2,123.07692307692308,0
1582,3,0.20253164556962025,378,127.5,1
1583,1,6.5,21,123.46153846153847,1
1584,3,0.37037037037037035,152,138.0,1
1585,3,1.1935483870967742,267,120.8108108108108,1
1586,3,0.5416666666666666,25,123.46153846153847,1
1587,1,0.5192307692307693,675,131.11111111111111,1
1588,1,0.9178082191780822,415,128.0597014925373,1
1589,1,0.425,15,109.41176470588235,0
1590,3,12.166666666666666,0,128.21917808219177,0
1591,1,1.2884615384615385,1,119.1044776119403,0
1592,3,0.13333333333333333,15,90.0,0
1593,2,3.238095238095238,5,120.88235294117646,0
1594,3,1.1063829787234043,43,120.0,1
1595,1,0.35384615384615387,17,122.6086956521739,0
1596,2,6.0,11,118.33333333333333,1
1597,1,1.3461538461538463,0,117.42857142857143,0
1598,1,2.6785714285714284,147,120.0,1
1599,1,0.40404040404040403,18,124.5,0
1600,2,0.6862745098039216,146,121.71428571428571,1
1601,3,0.9230769230769231,334,115.83333333333333,1
1602,2,0.5423728813559322,6,131.25,0
1603,3,0.26666666666666666,16,110.0,0
1604,1,0.47368421052631576,16,126.66666666666667,0
1605,3,2.8,6,111.42857142857143,0
1606,1,8.6,34,118.6046511627907,1
1607,1,1.2777777777777777,212,121.30434782608695,1
1608,2,0.3977272727272727,10,111.42857142857143,0
1609,2,0.4074074074074074,476,107.27272727272727,1
1610,3,0.7457627118644068,25,121.36363636363636,0
1611,1,0.8333333333333334,2,123.0,0
1612,3,0.25773195876288657,113,117.6,1
1613,2,0.18421052631578946,4,120.0,0
1614,3,0.4270833333333333,608,122.92682926829268,1
1615,3,0.5694444444444444,16,111.21951219512195,0
1616,1,0.9206349206349206,3,110.6896551724138,0
1617,3,0.9166666666666666,264,115.63636363636364,1
1618,3,1.697674418604651,2,126.57534246575342,0
1619,1,2.6,95,121.15384615384616,1
1620,2,2.238095238095238,9,126.38297872340425,0
1621,1,0.9183673469387755,12,118.66666666666667,0
1622,2,2.526315789473684,7,123.75,0
1623,1,0.6097560975609756,8,120.0,0
1624,2,0.3764705882352941,33,103.125,0
1625,3,0.5,0,88.42105263157895,0
1626,1,1.4166666666666667,1,123.52941176470588,0
1627,3,0.23880597014925373,230,116.25,1
1628,2,0.6329113924050633,4,123.6,0
1629,3,1.0869565217391304,0,108.8,0
1630,2,0.7160493827160493,15,126.20689655172414,0
1631,2,0.25,399,123.0,1
1632,2,1.0769230769230769,13,118.92857142857143,1
1633,3,0.8095238095238095,7,109.41176470588235,0
1634,3,0.48,258,130.0,1
1635,2,3.388888888888889,1,120.98360655737704,0
1637,3,0.1782178217821782,486,110.0,1
1638,2,0.5875,1,116.17021276595744,0
1639,3,1.3636363636363635,262,116.8,1
1640,2,0.8222222222222222,55,118.37837837837837,1
1641,2,0.48936170212765956,247,113.47826086956522,1
1642,1,0.45348837209302323,2,120.0,0
1643,3,0.76,44,120.0,0
1644,1,1.4146341463414633,2,116.89655172413794,0
1645,3,1.2564102564102564,5,128.57142857142858,0
1646,1,0.1388888888888889,8,96.0,0
1647,3,1.7857142857142858,2,127.2,0
1648,3,43.0,2,125.5813953488372,1
1649,1,1.1384615384615384,4,121.62162162162163,0
1650,2,0.43137254901960786,443,130.9090909090909,1
1651,1,0.5098039215686274,504,108.46153846153847,1
1652,1,0.2976190476190476,235,122.4,1
1653,2,0.9,6,126.66666666666667,0
1654,2,1.6,0,124.5,0
1655,1,0.6633663366336634,10,119.1044776119403,0
1656,1,0.68,14,135.88235294117646,1
1657,1,0.47368421052631576,38,113.33333333333333,0
1658,3,0.14583333333333334,375,137.14285714285714,1
1659,1,0.96875,40,114.19354838709677,0
1660,1,0.7307692307692307,14,127.89473684210526,0
1661,2,0.6363636363636364,13,127.34693877551021,0
1662,3,36.0,1,113.33333333333333,0
1663,2,3.1904761904761907,101,113.73134328358209,1
1664,2,1.1935483870967742,3,119.1891891891892,0
1665,3,0.42,461,122.85714285714286,1
1666,3,2.0,107,133.63636363636363,1
1667,2,2.6923076923076925,4,101.14285714285714,0
1668,3,0.9473684210526315,107,115.55555555555556,1
1669,3,0.6,5,127.5,0
1670,2,1.875,203,119.0,1
1671,3,0.4375,496,113.14285714285714,1
1672,2,2.6666666666666665,72,129.375,1
1673,3,1.0677966101694916,10,116.19047619047619,0
1674,1,2.074074074074074,140,124.28571428571429,1
1675,1,2.129032258064516,0,122.72727272727273,0
1676,3,1.293103448275862,125,117.6,1
1677,1,0.17857142857142858,15,60.0,0
1678,2,0.3541666666666667,14,118.23529411764706,0
1679,1,0.5294117647058824,171,135.0,1
1680,3,0.26666666666666666,1,132.0,0
1681,3,2.9444444444444446,118,136.9811320754717,1
1682,1,0.20454545454545456,56,126.66666666666667,0
1683,2,0.3645833333333333,8,118.28571428571429,0
1684,1,13.0,0,133.84615384615384,0
1685,3,6.0,1,130.83333333333334,0
1686,3,2.8461538461538463,0,113.51351351351352,0
1687,1,0.45161290322580644,23,128.57142857142858,0
1688,2,5.0,1,114.0,0
1689,2,2.4,1,106.66666666666667,0
1690,3,58.0,1,116.89655172413794,1
1691,1,0.5789473684210527,529,114.54545454545455,1
1692,2,0.2727272727272727,414,123.33333333333333,1
1693,1,0.16666666666666666,362,120.0,1
1694,1,0.6111111111111112,14,117.81818181818181,0
1695,3,0.20987654320987653,89,102.3529411764706,1
1696,3,0.4235294117647059,530,131.66666666666666,1
1697,3,0.9130434782608695,13,122.85714285714286,0
1698,2,1.1090909090909091,246,112.1311475409836,1
1699,1,0.34177215189873417,6,133.33333333333334,0
1700,3,2.6153846153846154,39,119.11764705882354,1
1701,3,1.5,3,120.0,0
1702,2,0.5970149253731343,13,118.5,0
1703,3,0.5692307692307692,10,108.64864864864865,0
1704,2,0.32051282051282054,71,124.8,0
1705,3,6.0,0,123.33333333333333,0
1706,3,0.10144927536231885,438,128.57142857142858,1
1707,2,2.1052631578947367,127,136.5,1
1708,3,0.47058823529411764,202,116.25,1
1709,2,1.4615384615384615,54,120.0,1
1710,3,4.333333333333333,0,124.61538461538461,0
1711,1,0.6704545454545454,23,118.98305084745763,1
1712,1,0.2857142857142857,41,138.0,0
1713,3,0.5,51,120.0,1
1714,1,0.10714285714285714,6,133.33333333333334,0
1715,3,0.7448979591836735,1,119.17808219178082,0
1716,3,0.4845360824742268,16,123.82978723404256,0
1717,1,1.125,32,123.33333333333333,1
1718,1,4.0,17,122.72727272727273,1
1719,2,0.23214285714285715,44,96.92307692307692,0
1720,2,0.5858585858585859,161,104.48275862068965,1
1721,3,4.444444444444445,27,118.5,1
1722,2,1.1875,21,120.0,1
1723,2,0.4117647058823529,0,111.42857142857143,0
1724,3,1.8571428571428572,46,120.0,1
1725,2,1.90625,103,115.08196721311475,1
1726,2,2.7142857142857144,46,97.89473684210526,1
1727,2,0.15873015873015872,72,132.0,0
1728,1,0.07777777777777778,30,128.57142857142858,0
1729,3,0.509090909090909,42,126.42857142857143,0
1730,1,3.4210526315789473,118,130.15384615384616,1
1731,3,1.4827586206896552,0,113.02325581395348,0
1732,2,0.5897435897435898,1,122.6086956521739,0
1733,1,0.4266666666666667,72,125.625,1
1734,2,0.7040816326530612,9,115.65217391304348,0
1735,2,0.575,1,127.82608695652173,0
1736,1,0.38636363636363635,14,120.0,0
1737,2,0.20588235294117646,233,128.57142857142858,1
1738,3,9.2,22,113.47826086956522,1
1739,3,4.0,0,112.5,0
1740,3,0.6164383561643836,102,130.66666666666666,1
1741,1,1.263157894736842,1,119.16666666666667,0
1742,3,3.5,60,128.57142857142858,1
1743,1,0.07692307692307693,22,130.0,0
1744,1,0.4594594594594595,28,125.29411764705883,0
1745,1,0.7058823529411765,0,110.0,0
1746,1,5.916666666666667,46,116.61971830985915,1
1747,2,0.55,427,122.72727272727273,1
1748,3,2.259259259259259,1,124.91803278688525,0
1749,1,0.9473684210526315,3,118.33333333333333,0
1750,3,2.8846153846153846,33,117.6,1
1751,3,0.26785714285714285,282,116.0,1
1752,2,1.837837837837838,1,117.3529411764706,0
1753,1,0.776595744680851,247,120.82191780821918,1
1754,3,0.9666666666666667,18,123.10344827586206,0
1755,1,3.25,46,130.3846153846154,1
1756,1,0.17307692307692307,25,106.66666666666667,0
1757,2,0.1694915254237288,118,126.0,1
1758,3,1.7837837837837838,31,113.63636363636364,1
1759,3,1.21875,44,123.07692307692308,1
1760,2,3.1176470588235294,51,120.0,1
1761,2,1.0634920634920635,13,124.4776119402985,0
1762,2,0.7373737373737373,455,107.67123287671232,1
1763,1,0.35,7,120.0,1
1764,2,0.11827956989247312,48,125.45454545454545,0
1765,3,0.8444444444444444,5,132.6315789473684,0
1766,3,1.4482758620689655,0,118.57142857142857,0
1767,2,2.5625,118,118.53658536585365,1
1768,3,7.333333333333333,0,122.72727272727273,0
1769,2,0.18055555555555555,6,133.84615384615384,0
1770,1,0.4,159,114.0,1
1771,3,0.48,58,127.5,1
1772,3,0.8433734939759037,20,127.71428571428571,0
1773,2,1.2857142857142858,54,118.0952380952381,1
1774,3,2.5925925925925926,171,116.57142857142857,1
1775,3,0.9047619047619048,5,110.52631578947368,0
1776,3,0.2268041237113402,16,111.81818181818181,0
1777,3,3.3125,1,118.86792452830188,0
1778,1,29.0,0,126.20689655172414,0
1779,1,1.0208333333333333,331,118.77551020408163,1
1780,1,0.6949152542372882,3,114.14634146341463,0
1781,3,0.9761904761904762,79,127.3170731707317,1
1782,1,0.6623376623376623,33,107.05882352941177,0
1783,2,0.1686746987951807,246,120.0,1
1784,3,0.16483516483516483,340,108.0,1
1785,1,0.9411764705882353,48,131.25,1
1786,1,0.4067796610169492,0,115.0,0
1787,3,0.3780487804878049,217,112.25806451612904,1
1788,3,0.1206896551724138,43,137.14285714285714,0
1789,2,1.087719298245614,35,121.93548387096774,1
1790,1,1.0806451612903225,217,125.3731343283582,1
1791,3,0.6987951807228916,95,114.82758620689656,1
1792,3,0.2619047619047619,39,106.36363636363636,0
1793,3,0.46511627906976744,22,115.5,0
1794,3,1.9473684210526316,3,123.24324324324324,0
1795,2,0.17142857142857143,78,110.0,1
1796,3,0.5212765957446809,109,117.55102040816327,1
1797,2,0.9354838709677419,190,113.79310344827586,1
1798,2,0.6494845360824743,241,118.0952380952381,1
1799,2,0.9166666666666666,116,109.0909090909091,1
1800,2,0.7474747474747475,103,126.48648648648648,1
1801,2,0.43548387096774194,111,122.22222222222223,1
1802,1,0.7017543859649122,0,114.0,0
1803,3,2.5833333333333335,1,129.67741935483872,0
1804,3,0.8181818181818182,271,121.66666666666667,1
1805,3,0.5652173913043478,216,122.3076923076923,1
1806,1,0.25806451612903225,12,112.5,0
1807,1,0.3,109,132.5,1
1808,1,1.6944444444444444,131,124.91803278688525,1
1809,1,0.7419354838709677,183,112.17391304347827,1
1810,2,0.7692307692307693,266,130.5,1
1811,3,0.2268041237113402,15,117.27272727272727,0
1812,1,2.037037037037037,2,122.18181818181819,0
1813,1,0.9047619047619048,135,104.21052631578948,1
1814,3,0.12903225806451613,60,150.0,0
1815,3,4.533333333333333,24,121.76470588235294,1
1816,2,0.5737704918032787,333,118.28571428571429,1
1817,3,0.9318181818181818,223,134.6341463414634,1
1818,1,0.18518518518518517,314,126.0,1
1819,2,0.5319148936170213,1,117.6,0
1820,3,0.2891566265060241,1,120.0,0
1821,2,0.8529411764705882,143,111.72413793103448,1
1822,3,0.11904761904761904,448,108.0,1
1823,2,1.826086956521739,7,127.14285714285714,0
1824,3,1.0,29,110.0,1
1825,3,0.8405797101449275,1,115.86206896551724,0
1826,3,0.7586206896551724,156,112.72727272727273,1
1827,3,0.38461538461538464,48,144.0,1
1828,1,1.1111111111111112,4,121.71428571428571,0
1829,1,1.0277777777777777,277,113.51351351351352,1
1830,3,0.4583333333333333,310,120.0,1
1831,2,0.9863013698630136,394,127.5,1
1832,2,1.0,25,115.13513513513513,1
1833,3,3.25,17,115.38461538461539,1
1834,1,0.6373626373626373,21,117.93103448275862,0
1835,1,1.7209302325581395,4,118.37837837837837,0
1836,2,0.3404255319148936,35,105.0,0
1837,1,0.9696969696969697,177,118.125,1
1838,1,0.2268041237113402,18,125.45454545454545,0
1839,3,3.6363636363636362,9,111.0,0
1840,2,2.5833333333333335,2,104.51612903225806,0
1841,2,0.1076923076923077,7,120.0,0
1842,3,0.75,269,120.95238095238095,1
1843,1,0.42105263157894735,10,111.0,0
1844,2,0.3902439024390244,313,129.375,1
1845,1,7.833333333333333,4,132.7659574468085,0
1846,1,0.5869565217391305,16,116.66666666666667,0
1847,3,11.5,39,120.0,1
1848,2,0.7368421052631579,81,124.28571428571429,1
1849,2,1.2096774193548387,277,113.6,1
1850,3,0.7719298245614035,43,117.27272727272727,0
1851,3,1.1219512195121952,75,129.1304347826087,1
1852,3,2.4193548387096775,100,124.0,1
1853,3,2.466666666666667,24,123.24324324324324,1
1854,2,0.7204301075268817,10,110.14925373134328,0
1855,2,0.6290322580645161,363,110.76923076923077,1
1856,2,0.21739130434782608,94,114.0,1
1857,2,9.0,0,100.0,0
1858,3,0.8387096774193549,4,123.46153846153847,0
1859,2,0.6547619047619048,199,129.8181818181818,1
1860,1,0.125,142,138.0,1
1861,2,12.333333333333334,0,118.37837837837837,0
1862,2,13.0,0,114.23076923076923,0
1863,3,0.8354430379746836,515,112.72727272727273,1
1864,2,0.6559139784946236,581,120.98360655737704,1
1865,1,71.0,0,123.38028169014085,0
1866,3,0.3614457831325301,550,110.0,1
1867,1,0.5348837209302325,91,109.56521739130434,1
1868,2,0.09090909090909091,108,110.0,0
1869,3,1.1785714285714286,397,127.27272727272727,1
1870,3,0.5454545454545454,47,110.0,1
1871,1,0.42592592592592593,9,127.82608695652173,0
1872,1,0.45454545454545453,57,109.33333333333333,1
1873,3,1.4666666666666666,51,120.0,1
1874,2,0.44680851063829785,564,120.0,1
1875,3,9.5,3,135.78947368421052,1
1876,2,0.9649122807017544,2,122.18181818181819,0
1877,1,0.6292134831460674,3,126.42857142857143,0
1878,1,52.0,5,135.0,1
1879,1,1.25,8,100.0,1
1880,1,0.5670103092783505,14,123.27272727272727,0
1881,1,27.0,0,114.44444444444444,0
1882,1,0.3048780487804878,322,129.6,1
1883,2,4.583333333333333,33,118.9090909090909,1
1884,2,0.30952380952380953,15,138.46153846153845,0
1885,1,0.8,6,105.0,0
1886,2,74.0,1,123.24324324324324,1
1887,3,11.8,8,116.94915254237289,1
1888,1,1.1607142857142858,106,113.53846153846153,1
1889,1,0.24193548387096775,24,132.0,0
1890,1,0.7105263157894737,411,112.22222222222223,1
1891,1,0.9433962264150944,9,123.6,0
1892,2,0.627906976744186,5,103.33333333333333,0
1893,3,2.5517241379310347,0,124.86486486486487,0
1894,2,0.48717948717948717,255,129.47368421052633,1
1895,1,0.0594059405940594,88,140.0,0
1896,3,0.578125,4,118.37837837837837,0
1897,2,0.6153846153846154,162,135.0,1
1898,2,1.5813953488372092,3,120.88235294117646,0
1899,1,2.2,2,116.36363636363636,0
1900,3,1.2363636363636363,329,125.29411764705883,1
1901,1,7.25,0,124.13793103448276,0
1902,3,0.35135135135135137,13,133.84615384615384,0
1903,1,0.1232876712328767,138,126.66666666666667,0
1904,3,0.8375,48,111.94029850746269,1
1905,3,0.7580645161290323,1,114.8936170212766,0
1906,1,0.4117647058823529,0,120.0,0
1907,2,0.4146341463414634,3,123.52941176470588,0
1908,3,0.6632653061224489,89,118.15384615384616,1
1909,1,0.3979591836734694,32,113.84615384615384,0
1910,3,0.23333333333333334,41,85.71428571428571,0
1911,3,0.21739130434782608,24,102.0,0
1912,2,0.39473684210526316,12,144.0,0
1913,3,7.0,17,121.71428571428571,1
1914,3,0.6216216216216216,5,122.6086956521739,0
1915,3,1.152542372881356,135,120.88235294117646,1
1916,3,0.5454545454545454,18,112.5,0
1917,1,1.9166666666666667,39,116.08695652173913,1
1918,2,1.5434782608695652,31,121.69014084507042,1
1919,3,0.4823529411764706,445,109.7560975609756,1
1920,3,0.5972222222222222,13,115.81395348837209,0
1921,2,1.7777777777777777,183,102.5,1
1922,2,1.5757575757575757,192,130.3846153846154,1
1923,3,0.14285714285714285,128,124.28571428571429,0
1924,3,0.49,32,116.3265306122449,0
1925,2,0.07142857142857142,310,90.0,1
1926,2,0.7422680412371134,42,112.5,1
1927,3,0.5333333333333333,370,115.0,1
1928,1,0.3333333333333333,7,115.2,0
1929,2,14.2,0,134.3661971830986,0
1930,3,1.3111111111111111,7,126.10169491525424,0
1931,3,1.875,98,116.0,1
1932,3,1.3148148148148149,217,115.77464788732394,1
1933,1,1.15,123,124.34782608695652,1
1934,2,0.42857142857142855,131,110.0,1
1935,1,0.6060606060606061,15,135.0,0
1936,1,0.76,6,108.94736842105263,0
1937,1,1.8,4,106.66666666666667,0
1938,1,0.6477272727272727,4,115.78947368421052,0
1939,3,0.4153846153846154,171,111.11111111111111,1
1940,2,0.4666666666666667,177,111.42857142857143,1
1941,2,1.3793103448275863,6,117.0,0
1942,3,0.3387096774193548,8,120.0,0
1943,1,0.7285714285714285,122,123.52941176470588,1
1944,2,13.75,1,117.81818181818181,0
1945,3,1.6666666666666667,44,116.0,1
1946,3,0.5362318840579711,16,116.75675675675676,0
1947,2,0.6744186046511628,1,120.0,0
1948,1,0.16161616161616163,242,105.0,1
1949,1,1.71875,9,106.9090909090909,0
1950,3,0.3157894736842105,2,110.0,0
1951,2,0.5858585858585859,9,118.96551724137932,0
1952,3,1.84375,6,120.0,0
1953,3,0.23809523809523808,33,124.0,0
1954,3,0.5714285714285714,296,125.0,1
1955,1,0.26785714285714285,231,112.0,1
1956,2,0.3225806451612903,145,132.0,1
1957,1,7.714285714285714,0,134.44444444444446,0
1958,2,1.425,102,124.21052631578948,1
1959,1,1.608695652173913,59,120.0,1
1960,2,0.7721518987341772,38,126.88524590163935,1
1961,2,0.475,193,135.78947368421052,1
1962,2,0.7763157894736842,10,115.9322033898305,0
1963,3,0.6428571428571429,2,119.04761904761905,0
1964,3,0.926829268292683,62,113.6842105263158,1
1965,2,1.8888888888888888,51,116.47058823529412,1
1966,1,0.2608695652173913,45,110.0,0
1967,3,0.9444444444444444,4,123.52941176470588,0
1968,1,0.25,61,111.42857142857143,1
1969,2,0.18888888888888888,66,109.41176470588235,0
1970,2,0.6923076923076923,35,130.0,0
1971,2,0.45098039215686275,0,135.65217391304347,0
1972,1,0.3880597014925373,418,110.76923076923077,1
1973,1,0.7692307692307693,2,120.85714285714286,0
1974,2,0.7395833333333334,11,119.15492957746478,0
1975,2,0.18840579710144928,364,115.38461538461539,1
1976,3,1.2115384615384615,169,122.85714285714286,1
1977,1,2.6666666666666665,3,125.0,0
1978,2,1.8048780487804879,234,124.86486486486487,1
1979,2,0.4342105263157895,7,123.63636363636364,0
1980,3,1.0461538461538462,184,116.47058823529412,1
1981,3,6.363636363636363,55,122.57142857142857,1
1982,1,0.19230769230769232,179,96.0,1
1983,2,0.6842105263157895,28,129.23076923076923,1
1984,1,0.6,39,122.0,0
1986,2,0.21428571428571427,4,105.71428571428571,0
1987,3,0.4375,5,133.71428571428572,0
1988,3,0.2777777777777778,13,120.0,0
1989,1,0.4387755102040816,680,111.62790697674419,1
1990,3,0.11320754716981132,71,100.0,0
1991,2,0.14736842105263157,220,132.85714285714286,1
1992,1,0.3142857142857143,13,130.9090909090909,0
1993,1,0.35294117647058826,162,117.5,1
1994,3,7.25,0,134.48275862068965,0
1995,2,1.6511627906976745,198,129.29577464788733,1
1996,2,1.4150943396226414,373,124.0,1
1997,1,1.5833333333333333,1,107.36842105263158,0
1998,3,0.53125,1,132.94117647058823,0
1999,2,1.5128205128205128,2,115.9322033898305,0
2000,3,3.380952380952381,3,119.15492957746478,0
2002,1,0.0,789,0.0,0
2003,2,0.0,789,0.0,0
